Version,Name,Size,NR,NAuth,LOC_Touched,LOC_Added,Max_LOC_Added,Avg_LOC_Added,Churn,ChgSetSize,Buggy
1,openjpa-examples/src/main/java/reversemapping/Main.java,3,1,1,120,120,120,120.0,120,1,false
1,openjpa-jdbc/src/main/java/org/apache/openjpa/jdbc/sql/H2Dictionary.java,3,1,1,230,230,230,230.0,230,2,false
1,openjpa-kernel/src/main/java/org/apache/openjpa/conf/BrokerValue.java,3,1,1,49,49,49,49.0,49,4,false
1,openjpa-kernel/src/main/java/org/apache/openjpa/enhance/Reflection.java,3,1,1,537,537,537,537.0,537,12,false
1,openjpa-kernel/src/main/java/org/apache/openjpa/kernel/FinalizingBrokerImpl.java,3,1,1,23,23,23,23.0,23,4,false
1,openjpa-kernel/src/main/java/org/apache/openjpa/kernel/QueryHints.java,3,1,1,25,25,25,25.0,25,11,false
1,openjpa-kernel/src/main/java/org/apache/openjpa/util/DoubleId.java,3,1,1,66,66,66,66.0,66,9,true
1,openjpa-kernel/src/main/java/org/apache/openjpa/util/FloatId.java,3,1,1,65,65,65,65.0,65,9,true
1,openjpa-kernel/src/main/java/org/apache/openjpa/util/NoResultException.java,3,1,1,43,43,43,43.0,43,6,true
1,openjpa-kernel/src/main/java/org/apache/openjpa/util/NonUniqueResultException.java,3,1,1,43,43,43,43.0,43,6,true
1,openjpa-kernel/src/main/java/org/apache/openjpa/util/ProxyBean.java,3,1,1,32,32,32,32.0,32,26,false
1,openjpa-kernel/src/main/java/org/apache/openjpa/util/ProxyCollections.java,3,1,1,468,468,468,468.0,468,26,false
1,openjpa-kernel/src/main/java/org/apache/openjpa/util/ProxyMaps.java,3,1,1,282,282,282,282.0,282,26,false
1,openjpa-kernel/src/test/java/org/apache/openjpa/util/TestProxyManager.java,3,1,1,971,971,971,971.0,971,26,false
1,openjpa-lib/src/test/java/org/apache/openjpa/lib/conf/TestConfigurationProviderPrefixes.java,3,1,1,85,85,85,85.0,85,11,false
1,openjpa-persistence-jdbc/src/main/java/org/apache/openjpa/persistence/jdbc/IsolationLevel.java,3,1,1,71,71,71,71.0,71,6,false
1,openjpa-persistence-jdbc/src/test/java/org/apache/openjpa/conf/TestAutoDetachProperty.java,3,1,1,76,76,76,76.0,76,5,true
1,openjpa-persistence-jdbc/src/test/java/org/apache/openjpa/conf/TestBadAutoDetachProperty.java,3,1,1,82,82,82,82.0,82,5,true
1,openjpa-persistence-jdbc/src/test/java/org/apache/openjpa/jdbc/meta/TestMappingToolAutoDelete.java,3,1,1,61,61,61,61.0,61,1,false
1,openjpa-persistence-jdbc/src/test/java/org/apache/openjpa/persistence/callbacks/ExceptionsFromCallbacksEntity.java,3,1,1,57,57,57,57.0,57,2,false
1,openjpa-persistence-jdbc/src/test/java/org/apache/openjpa/persistence/callbacks/TestExceptionsFromCallbacks.java,3,1,1,141,141,141,141.0,141,2,false
1,openjpa-persistence-jdbc/src/test/java/org/apache/openjpa/persistence/datacache/CascadeChild.java,3,1,1,42,42,42,42.0,42,8,true
1,openjpa-persistence-jdbc/src/test/java/org/apache/openjpa/persistence/datacache/CascadeParent.java,3,1,1,55,55,55,55.0,55,8,true
1,openjpa-persistence-jdbc/src/test/java/org/apache/openjpa/persistence/datacache/TestArrayFieldsInDataCache.java,3,1,1,99,99,99,99.0,99,5,true
1,openjpa-persistence-jdbc/src/test/java/org/apache/openjpa/persistence/datacache/TestBulkJPQLAndDataCache.java,3,1,1,91,91,91,91.0,91,5,true
1,openjpa-persistence-jdbc/src/test/java/org/apache/openjpa/persistence/detachment/TestAttachWithNoChanges.java,3,1,1,104,104,104,104.0,104,2,false
1,openjpa-persistence-jdbc/src/test/java/org/apache/openjpa/persistence/detachment/TestGetReferenceAndImplicitDetachment.java,3,1,1,120,120,120,120.0,120,1,true
1,openjpa-persistence-jdbc/src/test/java/org/apache/openjpa/persistence/identity/DoubleObjIdEntity.java,3,1,1,43,43,43,43.0,43,9,true
1,openjpa-persistence-jdbc/src/test/java/org/apache/openjpa/persistence/identity/FloatIdEntity.java,3,1,1,43,43,43,43.0,43,9,true
1,openjpa-persistence-jdbc/src/test/java/org/apache/openjpa/persistence/identity/IdentityGenerationType.java,3,1,1,2,1,1,1.0,0,4,true
1,openjpa-persistence-jdbc/src/test/java/org/apache/openjpa/persistence/identity/SQLDateIdEntity.java,3,1,1,44,44,44,44.0,44,2,false
1,openjpa-persistence-jdbc/src/test/java/org/apache/openjpa/persistence/identity/TestFloatingPointIds.java,3,1,1,76,76,76,76.0,76,9,true
1,openjpa-persistence-jdbc/src/test/java/org/apache/openjpa/persistence/identity/TestGenerationType.java,3,1,1,2,1,1,1.0,0,4,true
1,openjpa-persistence-jdbc/src/test/java/org/apache/openjpa/persistence/identity/TestSQLDateId.java,3,1,1,83,83,83,83.0,83,2,false
1,openjpa-persistence-jdbc/src/test/java/org/apache/openjpa/persistence/inheritance/AbstractBase.java,3,1,1,38,38,38,38.0,38,5,true
1,openjpa-persistence-jdbc/src/test/java/org/apache/openjpa/persistence/inheritance/ConcreteSubclass.java,3,1,1,34,34,34,34.0,34,5,true
1,openjpa-persistence-jdbc/src/test/java/org/apache/openjpa/persistence/inheritance/EntityL3Sibling.java,3,1,1,34,34,34,34.0,34,4,false
1,openjpa-persistence-jdbc/src/test/java/org/apache/openjpa/persistence/inheritance/TestFindAbstractClass.java,3,1,1,83,83,83,83.0,83,5,true
1,openjpa-persistence-jdbc/src/test/java/org/apache/openjpa/persistence/inheritance/TestSharedMappedSuperclassIdValue.java,3,1,1,116,116,116,116.0,116,4,false
1,openjpa-persistence-jdbc/src/test/java/org/apache/openjpa/persistence/inheritance/TestSharedUnqualifiedClassNames.java,3,1,1,59,59,59,59.0,59,3,false
1,openjpa-persistence-jdbc/src/test/java/org/apache/openjpa/persistence/inheritance/embeddable/SharedName2.java,3,1,1,27,27,27,27.0,27,4,false
1,openjpa-persistence-jdbc/src/test/java/org/apache/openjpa/persistence/inheritance/entity/SharedName1.java,3,1,1,30,30,30,30.0,30,4,false
1,openjpa-persistence-jdbc/src/test/java/org/apache/openjpa/persistence/inheritance/entity/SharedName2.java,3,1,1,30,30,30,30.0,30,4,false
1,openjpa-persistence-jdbc/src/test/java/org/apache/openjpa/persistence/inheritance/mappedsuperclass/SharedName1.java,3,1,1,27,27,27,27.0,27,4,false
1,openjpa-persistence-jdbc/src/test/java/org/apache/openjpa/persistence/jdbc/TestIsolationLevelOverride.java,3,1,1,70,70,70,70.0,70,11,false
1,openjpa-persistence-jdbc/src/test/java/org/apache/openjpa/persistence/jdbc/TestSelectForUpdateOverride.java,3,1,1,52,52,52,52.0,52,11,false
1,openjpa-persistence-jdbc/src/test/java/org/apache/openjpa/persistence/models/CompanyModelTest.java,3,1,1,257,257,257,257.0,257,67,false
1,openjpa-persistence-jdbc/src/test/java/org/apache/openjpa/persistence/models/IAddress.java,3,1,1,34,34,34,34.0,34,67,false
1,openjpa-persistence-jdbc/src/test/java/org/apache/openjpa/persistence/models/ICompany.java,3,1,1,33,33,33,33.0,33,67,false
1,openjpa-persistence-jdbc/src/test/java/org/apache/openjpa/persistence/models/ICustomer.java,3,1,1,30,30,30,30.0,30,67,false
1,openjpa-persistence-jdbc/src/test/java/org/apache/openjpa/persistence/models/IEmployee.java,3,1,1,33,33,33,33.0,33,67,false
1,openjpa-persistence-jdbc/src/test/java/org/apache/openjpa/persistence/models/IFullTimeEmployee.java,3,1,1,22,22,22,22.0,22,67,false
1,openjpa-persistence-jdbc/src/test/java/org/apache/openjpa/persistence/models/ILineItem.java,3,1,1,25,25,25,25.0,25,67,false
1,openjpa-persistence-jdbc/src/test/java/org/apache/openjpa/persistence/models/IPartTimeEmployee.java,3,1,1,25,25,25,25.0,25,67,false
1,openjpa-persistence-jdbc/src/test/java/org/apache/openjpa/persistence/models/IPerson.java,3,1,1,28,28,28,28.0,28,67,false
1,openjpa-persistence-jdbc/src/test/java/org/apache/openjpa/persistence/models/IProduct.java,3,1,1,33,33,33,33.0,33,67,false
1,openjpa-persistence-jdbc/src/test/java/org/apache/openjpa/persistence/models/IProductOrder.java,3,1,1,33,33,33,33.0,33,67,false
1,openjpa-persistence-jdbc/src/test/java/org/apache/openjpa/persistence/models/basic/Address.java,3,1,1,96,96,96,96.0,96,67,false
1,openjpa-persistence-jdbc/src/test/java/org/apache/openjpa/persistence/models/basic/Company.java,3,1,1,86,86,86,86.0,86,67,false
1,openjpa-persistence-jdbc/src/test/java/org/apache/openjpa/persistence/models/basic/Customer.java,3,1,1,58,58,58,58.0,58,67,false
1,openjpa-persistence-jdbc/src/test/java/org/apache/openjpa/persistence/models/basic/Employee.java,3,1,1,70,70,70,70.0,70,67,false
1,openjpa-persistence-jdbc/src/test/java/org/apache/openjpa/persistence/models/basic/FullTimeEmployee.java,3,1,1,34,34,34,34.0,34,67,false
1,openjpa-persistence-jdbc/src/test/java/org/apache/openjpa/persistence/models/basic/LineItem.java,3,1,1,61,61,61,61.0,61,67,false
1,openjpa-persistence-jdbc/src/test/java/org/apache/openjpa/persistence/models/basic/PartTimeEmployee.java,3,1,1,46,46,46,46.0,46,67,false
1,openjpa-persistence-jdbc/src/test/java/org/apache/openjpa/persistence/models/basic/Person.java,3,1,1,74,74,74,74.0,74,67,false
1,openjpa-persistence-jdbc/src/test/java/org/apache/openjpa/persistence/models/basic/Product.java,3,1,1,86,86,86,86.0,86,67,false
1,openjpa-persistence-jdbc/src/test/java/org/apache/openjpa/persistence/models/basic/ProductOrder.java,3,1,1,86,86,86,86.0,86,67,false
1,openjpa-persistence-jdbc/src/test/java/org/apache/openjpa/persistence/models/basic/TestBasicCompanyModel.java,3,1,1,22,22,22,22.0,22,67,false
1,openjpa-persistence-jdbc/src/test/java/org/apache/openjpa/persistence/models/company/CompanyModelTest.java,3,1,1,0,0,0,0.0,0,66,false
1,openjpa-persistence-jdbc/src/test/java/org/apache/openjpa/persistence/models/company/IAddress.java,3,1,1,0,0,0,0.0,0,66,false
1,openjpa-persistence-jdbc/src/test/java/org/apache/openjpa/persistence/models/company/ICompany.java,3,1,1,0,0,0,0.0,0,66,false
1,openjpa-persistence-jdbc/src/test/java/org/apache/openjpa/persistence/models/company/ICustomer.java,3,1,1,0,0,0,0.0,0,66,false
1,openjpa-persistence-jdbc/src/test/java/org/apache/openjpa/persistence/models/company/IEmployee.java,3,1,1,0,0,0,0.0,0,66,false
1,openjpa-persistence-jdbc/src/test/java/org/apache/openjpa/persistence/models/company/IFullTimeEmployee.java,3,1,1,0,0,0,0.0,0,66,false
1,openjpa-persistence-jdbc/src/test/java/org/apache/openjpa/persistence/models/company/ILineItem.java,3,1,1,0,0,0,0.0,0,66,false
1,openjpa-persistence-jdbc/src/test/java/org/apache/openjpa/persistence/models/company/IPartTimeEmployee.java,3,1,1,0,0,0,0.0,0,66,false
1,openjpa-persistence-jdbc/src/test/java/org/apache/openjpa/persistence/models/company/IPerson.java,3,1,1,0,0,0,0.0,0,66,false
1,openjpa-persistence-jdbc/src/test/java/org/apache/openjpa/persistence/models/company/IProduct.java,3,1,1,0,0,0,0.0,0,66,false
1,openjpa-persistence-jdbc/src/test/java/org/apache/openjpa/persistence/models/company/IProductOrder.java,3,1,1,0,0,0,0.0,0,66,false
1,openjpa-persistence-jdbc/src/test/java/org/apache/openjpa/persistence/models/company/basic/Address.java,3,1,1,0,0,0,0.0,0,66,false
1,openjpa-persistence-jdbc/src/test/java/org/apache/openjpa/persistence/models/company/basic/Company.java,3,1,1,0,0,0,0.0,0,66,false
1,openjpa-persistence-jdbc/src/test/java/org/apache/openjpa/persistence/models/company/basic/Customer.java,3,1,1,0,0,0,0.0,0,66,false
1,openjpa-persistence-jdbc/src/test/java/org/apache/openjpa/persistence/models/company/basic/Employee.java,3,1,1,0,0,0,0.0,0,66,false
1,openjpa-persistence-jdbc/src/test/java/org/apache/openjpa/persistence/models/company/basic/FullTimeEmployee.java,3,1,1,0,0,0,0.0,0,66,false
1,openjpa-persistence-jdbc/src/test/java/org/apache/openjpa/persistence/models/company/basic/LineItem.java,3,1,1,0,0,0,0.0,0,66,false
1,openjpa-persistence-jdbc/src/test/java/org/apache/openjpa/persistence/models/company/basic/PartTimeEmployee.java,3,1,1,0,0,0,0.0,0,66,false
1,openjpa-persistence-jdbc/src/test/java/org/apache/openjpa/persistence/models/company/basic/Person.java,3,1,1,0,0,0,0.0,0,66,false
1,openjpa-persistence-jdbc/src/test/java/org/apache/openjpa/persistence/models/company/basic/Product.java,3,1,1,0,0,0,0.0,0,66,false
1,openjpa-persistence-jdbc/src/test/java/org/apache/openjpa/persistence/models/company/basic/ProductOrder.java,3,1,1,0,0,0,0.0,0,66,false
1,openjpa-persistence-jdbc/src/test/java/org/apache/openjpa/persistence/models/company/basic/TestBasicCompanyModel.java,3,1,1,0,0,0,0.0,0,66,false
1,openjpa-persistence-jdbc/src/test/java/org/apache/openjpa/persistence/models/company/fetchlazy/Address.java,3,1,1,0,0,0,0.0,0,66,false
1,openjpa-persistence-jdbc/src/test/java/org/apache/openjpa/persistence/models/company/fetchlazy/Company.java,3,1,1,0,0,0,0.0,0,66,false
1,openjpa-persistence-jdbc/src/test/java/org/apache/openjpa/persistence/models/company/fetchlazy/Customer.java,3,1,1,0,0,0,0.0,0,66,false
1,openjpa-persistence-jdbc/src/test/java/org/apache/openjpa/persistence/models/company/fetchlazy/Employee.java,3,1,1,0,0,0,0.0,0,66,false
1,openjpa-persistence-jdbc/src/test/java/org/apache/openjpa/persistence/models/company/fetchlazy/FullTimeEmployee.java,3,1,1,0,0,0,0.0,0,66,false
1,openjpa-persistence-jdbc/src/test/java/org/apache/openjpa/persistence/models/company/fetchlazy/LineItem.java,3,1,1,0,0,0,0.0,0,66,false
1,openjpa-persistence-jdbc/src/test/java/org/apache/openjpa/persistence/models/company/fetchlazy/PartTimeEmployee.java,3,1,1,0,0,0,0.0,0,66,false
1,openjpa-persistence-jdbc/src/test/java/org/apache/openjpa/persistence/models/company/fetchlazy/Person.java,3,1,1,0,0,0,0.0,0,66,false
1,openjpa-persistence-jdbc/src/test/java/org/apache/openjpa/persistence/models/company/fetchlazy/Product.java,3,1,1,0,0,0,0.0,0,66,false
1,openjpa-persistence-jdbc/src/test/java/org/apache/openjpa/persistence/models/company/fetchlazy/ProductOrder.java,3,1,1,0,0,0,0.0,0,66,false
1,openjpa-persistence-jdbc/src/test/java/org/apache/openjpa/persistence/models/company/fetchlazy/TestLazyCompanyModel.java,3,1,1,0,0,0,0.0,0,66,false
1,openjpa-persistence-jdbc/src/test/java/org/apache/openjpa/persistence/models/company/idclass/Address.java,3,1,1,0,0,0,0.0,0,66,false
1,openjpa-persistence-jdbc/src/test/java/org/apache/openjpa/persistence/models/company/idclass/Company.java,3,1,1,0,0,0,0.0,0,66,false
1,openjpa-persistence-jdbc/src/test/java/org/apache/openjpa/persistence/models/company/idclass/Customer.java,3,1,1,0,0,0,0.0,0,66,false
1,openjpa-persistence-jdbc/src/test/java/org/apache/openjpa/persistence/models/company/idclass/Employee.java,3,1,1,0,0,0,0.0,0,66,false
1,openjpa-persistence-jdbc/src/test/java/org/apache/openjpa/persistence/models/company/idclass/FullTimeEmployee.java,3,1,1,0,0,0,0.0,0,66,false
1,openjpa-persistence-jdbc/src/test/java/org/apache/openjpa/persistence/models/company/idclass/LineItem.java,3,1,1,0,0,0,0.0,0,66,false
1,openjpa-persistence-jdbc/src/test/java/org/apache/openjpa/persistence/models/company/idclass/PartTimeEmployee.java,3,1,1,0,0,0,0.0,0,66,false
1,openjpa-persistence-jdbc/src/test/java/org/apache/openjpa/persistence/models/company/idclass/Person.java,3,1,1,0,0,0,0.0,0,66,false
1,openjpa-persistence-jdbc/src/test/java/org/apache/openjpa/persistence/models/company/idclass/Product.java,3,1,1,0,0,0,0.0,0,66,false
1,openjpa-persistence-jdbc/src/test/java/org/apache/openjpa/persistence/models/company/idclass/ProductOrder.java,3,1,1,0,0,0,0.0,0,66,false
1,openjpa-persistence-jdbc/src/test/java/org/apache/openjpa/persistence/models/company/idclass/TestIdClassCompanyModel.java,3,1,1,0,0,0,0.0,0,66,false
1,openjpa-persistence-jdbc/src/test/java/org/apache/openjpa/persistence/models/company/joined/Address.java,3,1,1,0,0,0,0.0,0,66,false
1,openjpa-persistence-jdbc/src/test/java/org/apache/openjpa/persistence/models/company/joined/Company.java,3,1,1,0,0,0,0.0,0,66,false
1,openjpa-persistence-jdbc/src/test/java/org/apache/openjpa/persistence/models/company/joined/Customer.java,3,1,1,0,0,0,0.0,0,66,false
1,openjpa-persistence-jdbc/src/test/java/org/apache/openjpa/persistence/models/company/joined/Employee.java,3,1,1,0,0,0,0.0,0,66,false
1,openjpa-persistence-jdbc/src/test/java/org/apache/openjpa/persistence/models/company/joined/FullTimeEmployee.java,3,1,1,0,0,0,0.0,0,66,false
1,openjpa-persistence-jdbc/src/test/java/org/apache/openjpa/persistence/models/company/joined/LineItem.java,3,1,1,0,0,0,0.0,0,66,false
1,openjpa-persistence-jdbc/src/test/java/org/apache/openjpa/persistence/models/company/joined/PartTimeEmployee.java,3,1,1,0,0,0,0.0,0,66,false
1,openjpa-persistence-jdbc/src/test/java/org/apache/openjpa/persistence/models/company/joined/Person.java,3,1,1,0,0,0,0.0,0,66,false
1,openjpa-persistence-jdbc/src/test/java/org/apache/openjpa/persistence/models/company/joined/Product.java,3,1,1,0,0,0,0.0,0,66,false
1,openjpa-persistence-jdbc/src/test/java/org/apache/openjpa/persistence/models/company/joined/ProductOrder.java,3,1,1,0,0,0,0.0,0,66,false
1,openjpa-persistence-jdbc/src/test/java/org/apache/openjpa/persistence/models/company/joined/TestJoinedCompanyModel.java,3,1,1,0,0,0,0.0,0,66,false
1,openjpa-persistence-jdbc/src/test/java/org/apache/openjpa/persistence/models/company/propertyaccess/Address.java,3,1,1,0,0,0,0.0,0,66,false
1,openjpa-persistence-jdbc/src/test/java/org/apache/openjpa/persistence/models/company/propertyaccess/Company.java,3,1,1,0,0,0,0.0,0,66,false
1,openjpa-persistence-jdbc/src/test/java/org/apache/openjpa/persistence/models/company/propertyaccess/Customer.java,3,1,1,0,0,0,0.0,0,66,false
1,openjpa-persistence-jdbc/src/test/java/org/apache/openjpa/persistence/models/company/propertyaccess/Employee.java,3,1,1,0,0,0,0.0,0,66,false
1,openjpa-persistence-jdbc/src/test/java/org/apache/openjpa/persistence/models/company/propertyaccess/FullTimeEmployee.java,3,1,1,0,0,0,0.0,0,66,false
1,openjpa-persistence-jdbc/src/test/java/org/apache/openjpa/persistence/models/company/propertyaccess/LineItem.java,3,1,1,0,0,0,0.0,0,66,false
1,openjpa-persistence-jdbc/src/test/java/org/apache/openjpa/persistence/models/company/propertyaccess/PartTimeEmployee.java,3,1,1,0,0,0,0.0,0,66,false
1,openjpa-persistence-jdbc/src/test/java/org/apache/openjpa/persistence/models/company/propertyaccess/Person.java,3,1,1,0,0,0,0.0,0,66,false
1,openjpa-persistence-jdbc/src/test/java/org/apache/openjpa/persistence/models/company/propertyaccess/Product.java,3,1,1,0,0,0,0.0,0,66,false
1,openjpa-persistence-jdbc/src/test/java/org/apache/openjpa/persistence/models/company/propertyaccess/ProductOrder.java,3,1,1,0,0,0,0.0,0,66,false
1,openjpa-persistence-jdbc/src/test/java/org/apache/openjpa/persistence/models/company/propertyaccess/TestPropertyCompanyModel.java,3,1,1,0,0,0,0.0,0,66,false
1,openjpa-persistence-jdbc/src/test/java/org/apache/openjpa/persistence/models/fetchlazy/Address.java,3,1,1,97,97,97,97.0,97,67,false
1,openjpa-persistence-jdbc/src/test/java/org/apache/openjpa/persistence/models/fetchlazy/Company.java,3,1,1,86,86,86,86.0,86,67,false
1,openjpa-persistence-jdbc/src/test/java/org/apache/openjpa/persistence/models/fetchlazy/Customer.java,3,1,1,58,58,58,58.0,58,67,false
1,openjpa-persistence-jdbc/src/test/java/org/apache/openjpa/persistence/models/fetchlazy/Employee.java,3,1,1,70,70,70,70.0,70,67,false
1,openjpa-persistence-jdbc/src/test/java/org/apache/openjpa/persistence/models/fetchlazy/FullTimeEmployee.java,3,1,1,34,34,34,34.0,34,67,false
1,openjpa-persistence-jdbc/src/test/java/org/apache/openjpa/persistence/models/fetchlazy/LineItem.java,3,1,1,61,61,61,61.0,61,67,false
1,openjpa-persistence-jdbc/src/test/java/org/apache/openjpa/persistence/models/fetchlazy/PartTimeEmployee.java,3,1,1,46,46,46,46.0,46,67,false
1,openjpa-persistence-jdbc/src/test/java/org/apache/openjpa/persistence/models/fetchlazy/Person.java,3,1,1,74,74,74,74.0,74,67,false
1,openjpa-persistence-jdbc/src/test/java/org/apache/openjpa/persistence/models/fetchlazy/Product.java,3,1,1,86,86,86,86.0,86,67,false
1,openjpa-persistence-jdbc/src/test/java/org/apache/openjpa/persistence/models/fetchlazy/ProductOrder.java,3,1,1,86,86,86,86.0,86,67,false
1,openjpa-persistence-jdbc/src/test/java/org/apache/openjpa/persistence/models/fetchlazy/TestLazyCompanyModel.java,3,1,1,22,22,22,22.0,22,67,false
1,openjpa-persistence-jdbc/src/test/java/org/apache/openjpa/persistence/models/idclass/Address.java,3,1,1,87,87,87,87.0,87,67,false
1,openjpa-persistence-jdbc/src/test/java/org/apache/openjpa/persistence/models/idclass/Company.java,3,1,1,76,76,76,76.0,76,67,false
1,openjpa-persistence-jdbc/src/test/java/org/apache/openjpa/persistence/models/idclass/Customer.java,3,1,1,59,59,59,59.0,59,67,false
1,openjpa-persistence-jdbc/src/test/java/org/apache/openjpa/persistence/models/idclass/Employee.java,3,1,1,71,71,71,71.0,71,67,false
1,openjpa-persistence-jdbc/src/test/java/org/apache/openjpa/persistence/models/idclass/FullTimeEmployee.java,3,1,1,35,35,35,35.0,35,67,false
1,openjpa-persistence-jdbc/src/test/java/org/apache/openjpa/persistence/models/idclass/LineItem.java,3,1,1,51,51,51,51.0,51,67,false
1,openjpa-persistence-jdbc/src/test/java/org/apache/openjpa/persistence/models/idclass/PartTimeEmployee.java,3,1,1,46,46,46,46.0,46,67,false
1,openjpa-persistence-jdbc/src/test/java/org/apache/openjpa/persistence/models/idclass/Person.java,3,1,1,64,64,64,64.0,64,67,false
1,openjpa-persistence-jdbc/src/test/java/org/apache/openjpa/persistence/models/idclass/Product.java,3,1,1,76,76,76,76.0,76,67,false
1,openjpa-persistence-jdbc/src/test/java/org/apache/openjpa/persistence/models/idclass/ProductOrder.java,3,1,1,76,76,76,76.0,76,67,false
1,openjpa-persistence-jdbc/src/test/java/org/apache/openjpa/persistence/models/idclass/TestIdClassCompanyModel.java,3,1,1,22,22,22,22.0,22,67,false
1,openjpa-persistence-jdbc/src/test/java/org/apache/openjpa/persistence/models/joined/Address.java,3,1,1,97,97,97,97.0,97,67,false
1,openjpa-persistence-jdbc/src/test/java/org/apache/openjpa/persistence/models/joined/Company.java,3,1,1,86,86,86,86.0,86,67,false
1,openjpa-persistence-jdbc/src/test/java/org/apache/openjpa/persistence/models/joined/Customer.java,3,1,1,60,60,60,60.0,60,67,false
1,openjpa-persistence-jdbc/src/test/java/org/apache/openjpa/persistence/models/joined/Employee.java,3,1,1,72,72,72,72.0,72,67,false
1,openjpa-persistence-jdbc/src/test/java/org/apache/openjpa/persistence/models/joined/FullTimeEmployee.java,3,1,1,36,36,36,36.0,36,67,false
1,openjpa-persistence-jdbc/src/test/java/org/apache/openjpa/persistence/models/joined/LineItem.java,3,1,1,61,61,61,61.0,61,67,false
1,openjpa-persistence-jdbc/src/test/java/org/apache/openjpa/persistence/models/joined/PartTimeEmployee.java,3,1,1,48,48,48,48.0,48,67,false
1,openjpa-persistence-jdbc/src/test/java/org/apache/openjpa/persistence/models/joined/Person.java,3,1,1,74,74,74,74.0,74,67,false
1,openjpa-persistence-jdbc/src/test/java/org/apache/openjpa/persistence/models/joined/Product.java,3,1,1,86,86,86,86.0,86,67,false
1,openjpa-persistence-jdbc/src/test/java/org/apache/openjpa/persistence/models/joined/ProductOrder.java,3,1,1,86,86,86,86.0,86,67,false
1,openjpa-persistence-jdbc/src/test/java/org/apache/openjpa/persistence/models/joined/TestJoinedCompanyModel.java,3,1,1,22,22,22,22.0,22,67,false
1,openjpa-persistence-jdbc/src/test/java/org/apache/openjpa/persistence/models/propertyaccess/Address.java,3,1,1,93,93,93,93.0,93,67,false
1,openjpa-persistence-jdbc/src/test/java/org/apache/openjpa/persistence/models/propertyaccess/Company.java,3,1,1,87,87,87,87.0,87,67,false
1,openjpa-persistence-jdbc/src/test/java/org/apache/openjpa/persistence/models/propertyaccess/Customer.java,3,1,1,64,64,64,64.0,64,67,false
1,openjpa-persistence-jdbc/src/test/java/org/apache/openjpa/persistence/models/propertyaccess/Employee.java,3,1,1,75,75,75,75.0,75,67,false
1,openjpa-persistence-jdbc/src/test/java/org/apache/openjpa/persistence/models/propertyaccess/FullTimeEmployee.java,3,1,1,34,34,34,34.0,34,67,false
1,openjpa-persistence-jdbc/src/test/java/org/apache/openjpa/persistence/models/propertyaccess/LineItem.java,3,1,1,64,64,64,64.0,64,67,false
1,openjpa-persistence-jdbc/src/test/java/org/apache/openjpa/persistence/models/propertyaccess/PartTimeEmployee.java,3,1,1,45,45,45,45.0,45,67,false
1,openjpa-persistence-jdbc/src/test/java/org/apache/openjpa/persistence/models/propertyaccess/Person.java,3,1,1,76,76,76,76.0,76,67,false
1,openjpa-persistence-jdbc/src/test/java/org/apache/openjpa/persistence/models/propertyaccess/Product.java,3,1,1,83,83,83,83.0,83,67,false
1,openjpa-persistence-jdbc/src/test/java/org/apache/openjpa/persistence/models/propertyaccess/ProductOrder.java,3,1,1,86,86,86,86.0,86,67,false
1,openjpa-persistence-jdbc/src/test/java/org/apache/openjpa/persistence/models/propertyaccess/TestPropertyCompanyModel.java,3,1,1,22,22,22,22.0,22,67,false
1,openjpa-persistence-jdbc/src/test/java/org/apache/openjpa/persistence/query/SimpleEntity.java,3,1,1,90,90,90,90.0,90,11,false
1,openjpa-persistence-jdbc/src/test/java/org/apache/openjpa/persistence/query/TestResultSetMapping.java,3,1,1,77,77,77,77.0,77,11,false
1,openjpa-persistence-jdbc/src/test/java/org/apache/openjpa/persistence/relations/BidiChild.java,3,1,1,67,67,67,67.0,67,17,true
1,openjpa-persistence-jdbc/src/test/java/org/apache/openjpa/persistence/relations/BidiParent.java,3,1,1,68,68,68,68.0,68,17,true
1,openjpa-persistence-jdbc/src/test/java/org/apache/openjpa/persistence/relations/IdOrderedOneManyChild.java,3,1,1,71,71,71,71.0,71,4,true
1,openjpa-persistence-jdbc/src/test/java/org/apache/openjpa/persistence/relations/IdOrderedOneManyParent.java,3,1,1,69,69,69,69.0,69,4,true
1,openjpa-persistence-jdbc/src/test/java/org/apache/openjpa/persistence/relations/LRSEntity.java,3,1,1,57,57,57,57.0,57,3,true
1,openjpa-persistence-jdbc/src/test/java/org/apache/openjpa/persistence/relations/TestEagerBidiSQL.java,3,1,1,196,196,196,196.0,196,17,true
1,openjpa-persistence-jdbc/src/test/java/org/apache/openjpa/persistence/relations/TestIdOrderedOneMany.java,3,1,1,124,124,124,124.0,124,4,true
1,openjpa-persistence-jdbc/src/test/java/org/apache/openjpa/persistence/relations/TestLRS.java,3,1,1,115,115,115,115.0,115,3,true
1,openjpa-persistence-jdbc/src/test/java/org/apache/openjpa/persistence/simple/NamedEntity.java,3,1,1,2,1,1,1.0,0,34,true
1,openjpa-persistence-jdbc/src/test/java/org/apache/openjpa/persistence/simple/TestCaseInsensitiveKeywordsInJPQL.java,3,1,1,41,41,41,41.0,41,1,true
1,openjpa-persistence-jdbc/src/test/java/org/apache/openjpa/persistence/simple/TestEntityManagerClear.java,3,1,1,104,104,104,104.0,104,8,false
1,openjpa-persistence-jdbc/src/test/java/org/apache/openjpa/persistence/simple/TestEntityManagerMethodsThrowAfterClose.java,3,1,1,278,278,278,278.0,278,1,true
1,openjpa-persistence-jdbc/src/test/java/org/apache/openjpa/persistence/simple/TestTableNamesDefaultToEntityNames.java,3,1,1,20,20,20,20.0,20,34,true
1,openjpa-persistence-jdbc/src/test/java/org/apache/openjpa/persistence/test/PersistenceTestCase.java,3,1,1,39,39,39,39.0,39,34,true
1,openjpa-persistence-jdbc/src/test/java/org/apache/openjpa/persistence/test/SQLListenerTestCase.java,3,1,1,72,72,72,72.0,72,34,false
1,openjpa-persistence-jdbc/src/test/java/org/apache/openjpa/persistence/test/SingleEMFTest.java,3,1,1,106,106,106,106.0,106,5,true
1,openjpa-persistence-jdbc/src/test/java/org/apache/openjpa/persistence/test/SingleEMFTestCase.java,3,1,1,38,38,38,38.0,38,34,false
1,openjpa-persistence-jdbc/src/test/java/org/apache/openjpa/persistence/test/SingleEMTest.java,3,1,1,277,277,277,277.0,277,67,false
1,openjpa-persistence-jdbc/src/test/java/org/apache/openjpa/persistence/test/SingleEMTestCase.java,3,1,1,178,178,178,178.0,178,34,false
1,openjpa-persistence-jdbc/src/test/java/org/apache/openjpa/persistence/xml/SimpleXmlEntity.java,3,1,1,16,16,16,16.0,16,4,true
1,openjpa-persistence-jdbc/src/test/java/org/apache/openjpa/persistence/xml/TestSimpleXmlEntity.java,3,1,1,55,55,55,55.0,55,4,true
1,openjpa-persistence-jdbc/src/test/java/org/apache/openjpa/persistence/xml/TestXmlOverrideEntity.java,3,1,1,49,49,49,49.0,49,3,false
1,openjpa-persistence-jdbc/src/test/java/org/apache/openjpa/persistence/xml/XmlOverrideEntity.java,3,1,1,45,45,45,45.0,45,3,false
2,openjpa-jdbc-5/src/main/java/org/apache/openjpa/jdbc/meta/XMLMappingRepository.java,4,1,1,82,82,82,82.0,82,22,false
2,openjpa-jdbc-5/src/main/java/org/apache/openjpa/jdbc/meta/strats/XMLValueHandler.java,3,1,1,0,0,0,0.0,0,1,false
2,openjpa-jdbc-5/src/main/java/org/apache/openjpa/meta/XMLClassMetaData.java,4,1,1,227,227,227,227.0,227,22,false
2,openjpa-jdbc-5/src/main/java/org/apache/openjpa/meta/XMLFieldMetaData.java,4,1,1,0,0,0,0.0,0,2,false
2,openjpa-jdbc-5/src/main/java/org/apache/openjpa/meta/XMLMetaData.java,4,1,1,0,0,0,0.0,0,2,false
2,openjpa-jdbc/src/main/java/org/apache/openjpa/jdbc/kernel/ConstraintUpdateManager.java,3,1,1,419,419,419,419.0,419,10,false
2,openjpa-jdbc/src/main/java/org/apache/openjpa/jdbc/meta/strats/XMLValueHandler.java,3,1,1,97,97,97,97.0,97,1,false
2,openjpa-kernel-5/src/main/java/org/apache/openjpa/enhance/ClassRedefiner.java,4,1,1,151,151,151,151.0,151,58,false
2,openjpa-kernel-5/src/main/java/org/apache/openjpa/enhance/InstrumentationFactory.java,4,1,1,123,123,123,123.0,123,58,false
2,openjpa-kernel-5/src/main/java/org/apache/openjpa/enhance/ManagedClassSubclasser.java,4,1,1,177,177,177,177.0,177,58,false
2,openjpa-kernel/src/main/java/org/apache/openjpa/ee/AbstractManagedRuntime.java,4,1,1,41,41,41,41.0,41,11,false
2,openjpa-kernel/src/main/java/org/apache/openjpa/ee/RegistryManagedRuntime.java,3,1,1,184,184,184,184.0,184,2,false
2,openjpa-kernel/src/main/java/org/apache/openjpa/enhance/AttributeTranslator.java,4,1,1,31,31,31,31.0,31,58,false
2,openjpa-kernel/src/main/java/org/apache/openjpa/enhance/DynamicPCHelper.java,4,1,1,30,30,30,30.0,30,58,false
2,openjpa-kernel/src/main/java/org/apache/openjpa/enhance/DynamicPersistenceCapable.java,4,1,1,28,28,28,28.0,28,58,false
2,openjpa-kernel/src/main/java/org/apache/openjpa/enhance/ManagedInstanceProvider.java,4,1,1,28,28,28,28.0,28,58,false
2,openjpa-kernel/src/main/java/org/apache/openjpa/enhance/PCSubclassValidator.java,4,1,1,272,272,272,272.0,272,58,false
2,openjpa-kernel/src/main/java/org/apache/openjpa/enhance/RedefinitionHelper.java,4,1,1,188,188,188,188.0,188,58,false
2,openjpa-kernel/src/main/java/org/apache/openjpa/enhance/ReflectingPersistenceCapable.java,4,1,1,353,353,353,353.0,353,58,false
2,openjpa-kernel/src/main/java/org/apache/openjpa/enhance/RuntimeUnenhancedClasssesModes.java,4,1,1,31,31,31,31.0,31,7,false
2,openjpa-kernel/src/main/java/org/apache/openjpa/event/BrokerFactoryEvent.java,3,1,1,52,52,52,52.0,52,8,false
2,openjpa-kernel/src/main/java/org/apache/openjpa/event/BrokerFactoryEventManager.java,3,1,1,53,53,53,53.0,53,8,false
2,openjpa-kernel/src/main/java/org/apache/openjpa/event/BrokerFactoryListener.java,3,1,1,35,35,35,35.0,35,8,false
2,openjpa-kernel/src/main/java/org/apache/openjpa/meta/XMLClassMetaData.java,4,1,1,125,125,125,125.0,125,10,false
2,openjpa-kernel/src/main/java/org/apache/openjpa/meta/XMLFieldMetaData.java,4,1,1,4,2,2,2.0,0,2,false
2,openjpa-kernel/src/main/java/org/apache/openjpa/meta/XMLMapping.java,4,1,1,119,119,119,119.0,119,22,false
2,openjpa-kernel/src/main/java/org/apache/openjpa/meta/XMLMetaData.java,4,1,1,111,111,111,111.0,111,22,false
2,openjpa-kernel/src/main/java/org/apache/openjpa/util/GeneratedClasses.java,4,1,1,75,75,75,75.0,75,58,false
2,openjpa-lib/src/main/java/org/apache/openjpa/lib/conf/BootstrapException.java,4,1,1,55,55,55,55.0,55,2,false
2,openjpa-lib/src/main/java/org/apache/openjpa/lib/graph/BreadthFirstWalk.java,3,1,1,145,145,145,145.0,145,10,false
2,openjpa-lib/src/main/java/org/apache/openjpa/lib/graph/DepthFirstAnalysis.java,3,1,1,215,215,215,215.0,215,10,false
2,openjpa-lib/src/main/java/org/apache/openjpa/lib/graph/Edge.java,3,1,1,189,189,189,189.0,189,10,false
2,openjpa-lib/src/main/java/org/apache/openjpa/lib/graph/Graph.java,3,1,1,199,199,199,199.0,199,10,false
2,openjpa-lib/src/main/java/org/apache/openjpa/lib/graph/GraphVisitor.java,3,1,1,47,47,47,47.0,47,10,false
2,openjpa-lib/src/main/java/org/apache/openjpa/lib/graph/NodeInfo.java,3,1,1,35,35,35,35.0,35,10,false
2,openjpa-lib/src/main/java/org/apache/openjpa/lib/util/J2DoPrivHelper.java,3,1,1,622,622,622,622.0,622,87,true
2,openjpa-lib/src/test/java/org/apache/openjpa/lib/conf/TestValue.java,3,1,1,39,39,39,39.0,39,2,true
2,openjpa-lib/src/test/java/org/apache/openjpa/lib/graph/TestDepthFirstAnalysis.java,3,1,1,80,80,80,80.0,80,10,false
2,openjpa-lib/src/test/java/org/apache/openjpa/lib/graph/TestGraph.java,3,1,1,148,148,148,148.0,148,10,false
2,openjpa-persistence-jdbc/src/main/java/org/apache/openjpa/persistence/jdbc/AnnotationPersistenceMappingSerializer.java,3,1,1,793,793,793,793.0,793,11,false
2,openjpa-persistence-jdbc/src/main/java/org/apache/openjpa/persistence/jdbc/FetchDirection.java,4,1,1,59,59,59,59.0,59,5,false
2,openjpa-persistence-jdbc/src/main/java/org/apache/openjpa/persistence/jdbc/FetchMode.java,4,1,1,6,3,3,3.0,0,16,false
2,openjpa-persistence-jdbc/src/main/java/org/apache/openjpa/persistence/jdbc/JoinSyntax.java,4,1,1,6,3,3,3.0,0,16,false
2,openjpa-persistence-jdbc/src/main/java/org/apache/openjpa/persistence/jdbc/JoinSyntaxType.java,4,1,1,59,59,59,59.0,59,130,false
2,openjpa-persistence-jdbc/src/main/java/org/apache/openjpa/persistence/jdbc/LRSSize.java,4,1,1,6,3,3,3.0,0,16,false
2,openjpa-persistence-jdbc/src/main/java/org/apache/openjpa/persistence/jdbc/LRSSizeAlgorithm.java,4,1,1,6,3,3,3.0,0,20,false
2,openjpa-persistence-jdbc/src/main/java/org/apache/openjpa/persistence/jdbc/LRSSizeType.java,4,1,1,59,59,59,59.0,59,130,false
2,openjpa-persistence-jdbc/src/main/java/org/apache/openjpa/persistence/jdbc/ResultSetType.java,4,1,1,59,59,59,59.0,59,5,false
2,openjpa-persistence-jdbc/src/test/java/org/apache/openjpa/conf/TestDynamicConfiguration.java,4,1,1,121,121,121,121.0,121,4,false
2,openjpa-persistence-jdbc/src/test/java/org/apache/openjpa/enhance/AbstractUnenhancedClassTest.java,4,1,1,458,458,458,458.0,458,58,false
2,openjpa-persistence-jdbc/src/test/java/org/apache/openjpa/enhance/TestDataCachingAndUnenhancedPropertyAccess.java,4,1,1,55,55,55,55.0,55,5,false
2,openjpa-persistence-jdbc/src/test/java/org/apache/openjpa/enhance/TestEnhancementConfiguration.java,4,1,1,47,47,47,47.0,47,20,false
2,openjpa-persistence-jdbc/src/test/java/org/apache/openjpa/enhance/TestRelationToUnlistedClass.java,4,1,1,38,38,38,38.0,38,5,false
2,openjpa-persistence-jdbc/src/test/java/org/apache/openjpa/enhance/TestUnenhancedCompoundPK.java,4,1,1,75,75,75,75.0,75,58,false
2,openjpa-persistence-jdbc/src/test/java/org/apache/openjpa/enhance/TestUnenhancedCompoundPKSubclass.java,4,1,1,57,57,57,57.0,57,11,false
2,openjpa-persistence-jdbc/src/test/java/org/apache/openjpa/enhance/TestUnenhancedFieldAccess.java,4,1,1,39,39,39,39.0,39,58,false
2,openjpa-persistence-jdbc/src/test/java/org/apache/openjpa/enhance/TestUnenhancedFieldAccessPrimitiveWrapper.java,4,1,1,42,42,42,42.0,42,11,false
2,openjpa-persistence-jdbc/src/test/java/org/apache/openjpa/enhance/TestUnenhancedPropertyAccess.java,4,1,1,39,39,39,39.0,39,58,false
2,openjpa-persistence-jdbc/src/test/java/org/apache/openjpa/enhance/UnenhancedCompoundPKFieldAccess.java,4,1,1,87,87,87,87.0,87,58,false
2,openjpa-persistence-jdbc/src/test/java/org/apache/openjpa/enhance/UnenhancedCompoundPKFieldAccessSubclass.java,4,1,1,34,34,34,34.0,34,11,false
2,openjpa-persistence-jdbc/src/test/java/org/apache/openjpa/enhance/UnenhancedCompoundPKFieldAccessSuperclass.java,4,1,1,88,88,88,88.0,88,11,false
2,openjpa-persistence-jdbc/src/test/java/org/apache/openjpa/enhance/UnenhancedCompoundPKPropertyAccess.java,4,1,1,122,122,122,122.0,122,58,false
2,openjpa-persistence-jdbc/src/test/java/org/apache/openjpa/enhance/UnenhancedFieldAccess.java,4,1,1,72,72,72,72.0,72,58,false
2,openjpa-persistence-jdbc/src/test/java/org/apache/openjpa/enhance/UnenhancedFieldAccessPrimitiveWrapper.java,4,1,1,81,81,81,81.0,81,11,false
2,openjpa-persistence-jdbc/src/test/java/org/apache/openjpa/enhance/UnenhancedFieldAccessPrimitiveWrapperSubclass.java,4,1,1,55,55,55,55.0,55,11,false
2,openjpa-persistence-jdbc/src/test/java/org/apache/openjpa/enhance/UnenhancedFieldAccessSubclass.java,4,1,1,56,56,56,56.0,56,58,false
2,openjpa-persistence-jdbc/src/test/java/org/apache/openjpa/enhance/UnenhancedIdentityIdPropertyAccess.java,4,1,1,55,55,55,55.0,55,5,false
2,openjpa-persistence-jdbc/src/test/java/org/apache/openjpa/enhance/UnenhancedPropertyAccess.java,4,1,1,88,88,88,88.0,88,58,false
2,openjpa-persistence-jdbc/src/test/java/org/apache/openjpa/enhance/UnenhancedPropertyAccessSubclass.java,4,1,1,60,60,60,60.0,60,58,false
2,openjpa-persistence-jdbc/src/test/java/org/apache/openjpa/enhance/UnenhancedSubtype.java,4,1,1,31,31,31,31.0,31,58,false
2,openjpa-persistence-jdbc/src/test/java/org/apache/openjpa/enhance/UnenhancedType.java,4,1,1,31,31,31,31.0,31,58,false
2,openjpa-persistence-jdbc/src/test/java/org/apache/openjpa/enhance/UnenhancedUnlistedClass.java,4,1,1,28,28,28,28.0,28,5,false
2,openjpa-persistence-jdbc/src/test/java/org/apache/openjpa/enhance/UnenhancedUnlistedReferer.java,4,1,1,32,32,32,32.0,32,5,false
2,openjpa-persistence-jdbc/src/test/java/org/apache/openjpa/event/TestLifecycleListener.java,4,1,1,59,59,59,59.0,59,1,false
2,openjpa-persistence-jdbc/src/test/java/org/apache/openjpa/event/TestSJVMRemoteCommitProvider.java,4,1,1,87,87,87,87.0,87,1,false
2,openjpa-persistence-jdbc/src/test/java/org/apache/openjpa/jdbc/kernel/EntityA.java,3,1,1,79,79,79,79.0,79,6,false
2,openjpa-persistence-jdbc/src/test/java/org/apache/openjpa/jdbc/kernel/EntityB.java,3,1,1,79,79,79,79.0,79,6,false
2,openjpa-persistence-jdbc/src/test/java/org/apache/openjpa/jdbc/kernel/EntityC.java,3,1,1,81,81,81,81.0,81,6,false
2,openjpa-persistence-jdbc/src/test/java/org/apache/openjpa/jdbc/kernel/EntityD.java,3,1,1,60,60,60,60.0,60,6,false
2,openjpa-persistence-jdbc/src/test/java/org/apache/openjpa/jdbc/kernel/EntityE.java,3,1,1,76,76,76,76.0,76,10,false
2,openjpa-persistence-jdbc/src/test/java/org/apache/openjpa/jdbc/kernel/TestNoForeignKeyViolation.java,3,1,1,78,78,78,78.0,78,6,false
2,openjpa-persistence-jdbc/src/test/java/org/apache/openjpa/jdbc/meta/TestMappingToolTemporal.java,4,1,1,61,61,61,61.0,61,3,true
2,openjpa-persistence-jdbc/src/test/java/org/apache/openjpa/kernel/TestBrokerFactoryEventManager.java,3,1,1,51,51,51,51.0,51,8,false
2,openjpa-persistence-jdbc/src/test/java/org/apache/openjpa/kernel/TestBrokerFactoryListenerRegistry.java,3,1,1,75,75,75,75.0,75,6,false
2,openjpa-persistence-jdbc/src/test/java/org/apache/openjpa/persistence/datacache/IdentityIdClass.java,4,1,1,33,33,33,33.0,33,5,false
2,openjpa-persistence-jdbc/src/test/java/org/apache/openjpa/persistence/datacache/TestAutoIncrementAndDataCaching.java,4,1,1,53,53,53,53.0,53,5,false
2,openjpa-persistence-jdbc/src/test/java/org/apache/openjpa/persistence/datacache/TestBulkUpdatesAndVersionColumn.java,3,1,1,101,101,101,101.0,101,12,false
2,openjpa-persistence-jdbc/src/test/java/org/apache/openjpa/persistence/discriminator/CharAbstractEntity.java,4,1,1,53,53,53,53.0,53,15,false
2,openjpa-persistence-jdbc/src/test/java/org/apache/openjpa/persistence/discriminator/CharLeafEntity.java,4,1,1,36,36,36,36.0,36,15,false
2,openjpa-persistence-jdbc/src/test/java/org/apache/openjpa/persistence/discriminator/CharRootEntity.java,4,1,1,27,27,27,27.0,27,15,false
2,openjpa-persistence-jdbc/src/test/java/org/apache/openjpa/persistence/discriminator/IntegerAbstractEntity.java,4,1,1,54,54,54,54.0,54,15,false
2,openjpa-persistence-jdbc/src/test/java/org/apache/openjpa/persistence/discriminator/IntegerLeafEntity.java,4,1,1,36,36,36,36.0,36,15,false
2,openjpa-persistence-jdbc/src/test/java/org/apache/openjpa/persistence/discriminator/IntegerRootEntity.java,4,1,1,28,28,28,28.0,28,15,false
2,openjpa-persistence-jdbc/src/test/java/org/apache/openjpa/persistence/discriminator/StringAbstractEntity.java,4,1,1,54,54,54,54.0,54,15,false
2,openjpa-persistence-jdbc/src/test/java/org/apache/openjpa/persistence/discriminator/StringLeafEntity.java,4,1,1,36,36,36,36.0,36,15,false
2,openjpa-persistence-jdbc/src/test/java/org/apache/openjpa/persistence/discriminator/StringRootEntity.java,4,1,1,27,27,27,27.0,27,15,false
2,openjpa-persistence-jdbc/src/test/java/org/apache/openjpa/persistence/discriminator/TestDiscriminatorTypes.java,4,1,1,100,100,100,100.0,100,15,false
2,openjpa-persistence-jdbc/src/test/java/org/apache/openjpa/persistence/fields/EnumFieldType.java,4,1,1,52,52,52,52.0,52,2,false
2,openjpa-persistence-jdbc/src/test/java/org/apache/openjpa/persistence/fields/EnumSetOwner.java,4,1,1,75,75,75,75.0,75,3,false
2,openjpa-persistence-jdbc/src/test/java/org/apache/openjpa/persistence/fields/NonstandardMappingEntity.java,4,1,1,38,38,38,38.0,38,2,false
2,openjpa-persistence-jdbc/src/test/java/org/apache/openjpa/persistence/fields/SampleEnum.java,4,1,1,23,23,23,23.0,23,3,false
2,openjpa-persistence-jdbc/src/test/java/org/apache/openjpa/persistence/fields/TestEnumQueryConstructor.java,4,1,1,50,50,50,50.0,50,2,false
2,openjpa-persistence-jdbc/src/test/java/org/apache/openjpa/persistence/fields/TestEnumSets.java,4,1,1,48,48,48,48.0,48,3,false
2,openjpa-persistence-jdbc/src/test/java/org/apache/openjpa/persistence/fields/TestPersistentMapTableConfiguration.java,4,1,1,59,59,59,59.0,59,2,false
2,openjpa-persistence-jdbc/src/test/java/org/apache/openjpa/persistence/generationtype/Dog.java,4,1,1,53,53,53,53.0,53,3,true
2,openjpa-persistence-jdbc/src/test/java/org/apache/openjpa/persistence/generationtype/GeneratedValues.java,4,1,1,60,60,60,60.0,60,9,false
2,openjpa-persistence-jdbc/src/test/java/org/apache/openjpa/persistence/generationtype/TestGeneratedValues.java,4,1,1,105,105,105,105.0,105,9,false
2,openjpa-persistence-jdbc/src/test/java/org/apache/openjpa/persistence/generationtype/TestTableGenerator.java,4,1,1,47,47,47,47.0,47,3,true
2,openjpa-persistence-jdbc/src/test/java/org/apache/openjpa/persistence/inheritance/NoGenEntityL3.java,4,1,1,37,37,37,37.0,37,9,false
2,openjpa-persistence-jdbc/src/test/java/org/apache/openjpa/persistence/inheritance/NoGenEntityL3Sibling.java,4,1,1,37,37,37,37.0,37,9,false
2,openjpa-persistence-jdbc/src/test/java/org/apache/openjpa/persistence/inheritance/NoGenMappedSuperclassBase.java,4,1,1,38,38,38,38.0,38,9,false
2,openjpa-persistence-jdbc/src/test/java/org/apache/openjpa/persistence/inheritance/NoGenMappedSuperclassL2.java,4,1,1,37,37,37,37.0,37,9,false
2,openjpa-persistence-jdbc/src/test/java/org/apache/openjpa/persistence/inheritance/serializable/Employee.java,4,1,1,59,59,59,59.0,59,4,false
2,openjpa-persistence-jdbc/src/test/java/org/apache/openjpa/persistence/inheritance/serializable/Person.java,4,1,1,99,99,99,99.0,99,4,false
2,openjpa-persistence-jdbc/src/test/java/org/apache/openjpa/persistence/inheritance/serializable/TestSerialization.java,4,1,1,97,97,97,97.0,97,4,false
2,openjpa-persistence-jdbc/src/test/java/org/apache/openjpa/persistence/jdbc/TestJDBCEnumToKernelConstantMappings.java,4,1,1,119,119,119,119.0,119,130,false
2,openjpa-persistence-jdbc/src/test/java/org/apache/openjpa/persistence/jdbc/TestOptimizeForClause.java,3,1,1,112,112,112,112.0,112,1,false
2,openjpa-persistence-jdbc/src/test/java/org/apache/openjpa/persistence/query/CustomerEntity.java,3,1,1,87,87,87,87.0,87,3,false
2,openjpa-persistence-jdbc/src/test/java/org/apache/openjpa/persistence/query/OrderEntity.java,3,1,1,80,80,80,80.0,80,3,false
2,openjpa-persistence-jdbc/src/test/java/org/apache/openjpa/persistence/query/TestDataStoreActions.java,3,1,1,39,39,39,39.0,39,2,false
2,openjpa-persistence-jdbc/src/test/java/org/apache/openjpa/persistence/query/TestEscapedSingleQuotesInJPQL.java,3,1,1,55,55,55,55.0,55,1,false
2,openjpa-persistence-jdbc/src/test/java/org/apache/openjpa/persistence/query/TestMethodQLQuery.java,3,1,1,92,92,92,92.0,92,1,false
2,openjpa-persistence-jdbc/src/test/java/org/apache/openjpa/persistence/query/TestNewlinesInQueries.java,3,1,1,49,49,49,49.0,49,1,false
2,openjpa-persistence-jdbc/src/test/java/org/apache/openjpa/persistence/query/TestQueryPagination.java,4,1,1,81,81,81,81.0,81,2,false
2,openjpa-persistence-jdbc/src/test/java/org/apache/openjpa/persistence/query/TestSubQuery.java,3,1,1,94,94,94,94.0,94,3,false
2,openjpa-persistence-jdbc/src/test/java/org/apache/openjpa/persistence/relations/TestBulkUpdatesAndEmbeddedFields.java,3,1,1,48,48,48,48.0,48,1,false
2,openjpa-persistence-jdbc/src/test/java/org/apache/openjpa/persistence/simple/TemporalFieldTypes.java,4,1,1,117,117,117,117.0,117,3,true
2,openjpa-persistence-jdbc/src/test/java/org/apache/openjpa/persistence/simple/TestBasicAnnotation.java,4,1,1,92,92,92,92.0,92,5,false
2,openjpa-persistence-jdbc/src/test/java/org/apache/openjpa/persistence/simple/TestEntityManagerMerge.java,4,1,1,77,77,77,77.0,77,2,false
2,openjpa-persistence-jdbc/src/test/java/org/apache/openjpa/persistence/xmlmapping/entities/Customer.java,4,1,1,131,131,131,131.0,131,10,false
2,openjpa-persistence-jdbc/src/test/java/org/apache/openjpa/persistence/xmlmapping/entities/EAddress.java,4,1,1,75,75,75,75.0,75,10,false
2,openjpa-persistence-jdbc/src/test/java/org/apache/openjpa/persistence/xmlmapping/entities/Order.java,4,1,1,98,98,98,98.0,98,10,false
2,openjpa-persistence-jdbc/src/test/java/org/apache/openjpa/persistence/xmlmapping/query/TestXMLCustomerOrder.java,4,1,1,290,290,290,290.0,290,10,false
2,openjpa-persistence-jdbc/src/test/java/org/apache/openjpa/persistence/xmlmapping/xmlbindings/myaddress/Address.java,4,1,1,142,142,142,142.0,142,10,false
2,openjpa-persistence-jdbc/src/test/java/org/apache/openjpa/persistence/xmlmapping/xmlbindings/myaddress/CANAddress.java,4,1,1,111,111,111,111.0,111,10,false
2,openjpa-persistence-jdbc/src/test/java/org/apache/openjpa/persistence/xmlmapping/xmlbindings/myaddress/GBRAddress.java,4,1,1,111,111,111,111.0,111,10,false
2,openjpa-persistence-jdbc/src/test/java/org/apache/openjpa/persistence/xmlmapping/xmlbindings/myaddress/ObjectFactory.java,4,1,1,122,122,122,122.0,122,10,false
2,openjpa-persistence-jdbc/src/test/java/org/apache/openjpa/persistence/xmlmapping/xmlbindings/myaddress/ShortAddress.java,4,1,1,46,46,46,46.0,46,10,false
2,openjpa-persistence-jdbc/src/test/java/org/apache/openjpa/persistence/xmlmapping/xmlbindings/myaddress/USAAddress.java,4,1,1,103,103,103,103.0,103,10,false
2,openjpa-persistence/src/main/java/org/apache/openjpa/persistence/AnnotationBuilder.java,3,1,1,200,200,200,200.0,200,11,false
2,openjpa-persistence/src/main/java/org/apache/openjpa/persistence/AnnotationPersistenceMetaDataSerializer.java,3,1,1,1488,1488,1488,1488.0,1488,11,false
2,openjpa-persistence/src/main/java/org/apache/openjpa/persistence/AnnotationPersistenceXMLMetaDataParser.java,4,1,1,234,234,234,234.0,234,10,false
2,openjpa-persistence/src/main/java/org/apache/openjpa/persistence/AutoClearType.java,4,1,1,56,56,56,56.0,56,130,false
2,openjpa-persistence/src/main/java/org/apache/openjpa/persistence/AutoDetachType.java,4,1,1,63,63,63,63.0,63,130,false
2,openjpa-persistence/src/main/java/org/apache/openjpa/persistence/CallbackMode.java,4,1,1,26,13,13,13.0,0,16,false
2,openjpa-persistence/src/main/java/org/apache/openjpa/persistence/CallbackType.java,4,1,1,66,66,66,66.0,66,130,false
2,openjpa-persistence/src/main/java/org/apache/openjpa/persistence/ConnectionRetainMode.java,4,1,1,6,3,3,3.0,0,16,false
2,openjpa-persistence/src/main/java/org/apache/openjpa/persistence/ConnectionRetainType.java,4,1,1,60,60,60,60.0,60,130,false
2,openjpa-persistence/src/main/java/org/apache/openjpa/persistence/DetachStateType.java,4,1,1,60,60,60,60.0,60,130,false
2,openjpa-persistence/src/main/java/org/apache/openjpa/persistence/JPAFacadeHelper.java,4,1,1,307,307,307,307.0,307,130,false
2,openjpa-persistence/src/main/java/org/apache/openjpa/persistence/OpenJPAEntityManagerFactorySPI.java,4,1,1,71,71,71,71.0,71,130,false
2,openjpa-persistence/src/main/java/org/apache/openjpa/persistence/OpenJPAEntityManagerSPI.java,4,1,1,104,104,104,104.0,104,130,false
2,openjpa-persistence/src/main/java/org/apache/openjpa/persistence/OpenJPAEntityTransaction.java,4,1,1,71,71,71,71.0,71,130,false
2,openjpa-persistence/src/main/java/org/apache/openjpa/persistence/OpenJPAQuerySPI.java,4,1,1,46,46,46,46.0,46,130,false
2,openjpa-persistence/src/main/java/org/apache/openjpa/persistence/QueryOperationType.java,4,1,1,59,59,59,59.0,59,130,false
2,openjpa-persistence/src/main/java/org/apache/openjpa/persistence/RestoreStateType.java,4,1,1,60,60,60,60.0,60,130,false
2,openjpa-persistence/src/test/java/org/apache/openjpa/persistence/TestEnumToKernelConstantMappings.java,4,1,1,270,270,270,270.0,270,130,false
2,openjpa-xmlmapping-5/src/main/java/org/apache/openjpa/xmlmapping/XmlValueHandler.java,3,1,1,97,97,97,97.0,97,1,false
3,openjpa-jdbc/src/main/java/org/apache/openjpa/jdbc/meta/strats/ElementEmbedValueHandler.java,4,1,1,183,183,183,183.0,183,42,false
3,openjpa-jdbc/src/main/java/org/apache/openjpa/jdbc/meta/strats/HandlerCollectionTableFieldStrategy.java,4,1,1,250,250,250,250.0,250,42,false
3,openjpa-jdbc/src/main/java/org/apache/openjpa/jdbc/meta/strats/HandlerRelationMapTableFieldStrategy.java,4,1,1,313,313,313,313.0,313,42,false
3,openjpa-jdbc/src/main/java/org/apache/openjpa/jdbc/meta/strats/LobFieldStrategy.java,4,1,1,194,194,194,194.0,194,16,false
3,openjpa-jdbc/src/main/java/org/apache/openjpa/jdbc/meta/strats/RelationHandlerMapTableFieldStrategy.java,4,1,1,290,290,290,290.0,290,42,false
3,openjpa-jdbc/src/main/java/org/apache/openjpa/jdbc/meta/strats/RelationRelationMapTableFieldStrategy.java,4,1,1,375,375,375,375.0,375,42,false
3,openjpa-kernel/src/main/java/org/apache/openjpa/conf/CacheMarshaller.java,4,1,1,92,92,92,92.0,92,26,false
3,openjpa-kernel/src/main/java/org/apache/openjpa/conf/CacheMarshallerImpl.java,4,1,1,237,237,237,237.0,237,26,false
3,openjpa-kernel/src/main/java/org/apache/openjpa/conf/CacheMarshallersValue.java,4,1,1,121,121,121,121.0,121,26,false
3,openjpa-kernel/src/main/java/org/apache/openjpa/conf/MetaDataCacheMaintenance.java,4,1,1,183,183,183,183.0,183,26,false
3,openjpa-kernel/src/main/java/org/apache/openjpa/conf/MetaDataRepositoryValue.java,4,1,1,74,74,74,74.0,74,26,false
3,openjpa-kernel/src/main/java/org/apache/openjpa/conf/NoOpCacheMarshaller.java,4,1,1,48,48,48,48.0,48,26,false
3,openjpa-kernel/src/main/java/org/apache/openjpa/conf/OpenJPAVersionAndConfigurationTypeValidationPolicy.java,4,1,1,66,66,66,66.0,66,26,false
3,openjpa-kernel/src/test/java/org/apache/openjpa/meta/TestMemberProvider.java,4,1,1,62,62,62,62.0,62,26,false
3,openjpa-lib-5/src/main/java/org/apache/openjpa/lib/util/J2DoPriv5Helper.java,4,1,1,92,92,92,92.0,92,7,false
3,openjpa-persistence-jdbc/src/main/java/org/apache/openjpa/persistence/jdbc/ElementColumn.java,4,1,1,54,54,54,54.0,54,42,false
3,openjpa-persistence-jdbc/src/main/java/org/apache/openjpa/persistence/jdbc/ElementColumns.java,4,1,1,39,39,39,39.0,39,42,false
3,openjpa-persistence-jdbc/src/main/java/org/apache/openjpa/persistence/jdbc/ElementEmbeddedMapping.java,4,1,1,46,46,46,46.0,46,42,false
3,openjpa-persistence-jdbc/src/main/java/org/apache/openjpa/persistence/jdbc/ElementStrategy.java,4,1,1,38,38,38,38.0,38,42,false
3,openjpa-persistence-jdbc/src/main/java/org/apache/openjpa/persistence/jdbc/KeyClassCriteria.java,4,1,1,39,39,39,39.0,39,42,false
3,openjpa-persistence-jdbc/src/main/java/org/apache/openjpa/persistence/jdbc/KeyColumn.java,4,1,1,54,54,54,54.0,54,42,false
3,openjpa-persistence-jdbc/src/main/java/org/apache/openjpa/persistence/jdbc/KeyColumns.java,4,1,1,39,39,39,39.0,39,42,false
3,openjpa-persistence-jdbc/src/main/java/org/apache/openjpa/persistence/jdbc/KeyEmbeddedMapping.java,4,1,1,45,45,45,45.0,45,42,false
3,openjpa-persistence-jdbc/src/main/java/org/apache/openjpa/persistence/jdbc/KeyForeignKey.java,4,1,1,46,46,46,46.0,46,42,false
3,openjpa-persistence-jdbc/src/main/java/org/apache/openjpa/persistence/jdbc/KeyIndex.java,4,1,1,42,42,42,42.0,42,42,false
3,openjpa-persistence-jdbc/src/main/java/org/apache/openjpa/persistence/jdbc/KeyJoinColumn.java,4,1,1,52,52,52,52.0,52,42,false
3,openjpa-persistence-jdbc/src/main/java/org/apache/openjpa/persistence/jdbc/KeyJoinColumns.java,4,1,1,39,39,39,39.0,39,42,false
3,openjpa-persistence-jdbc/src/main/java/org/apache/openjpa/persistence/jdbc/KeyNonpolymorphic.java,4,1,1,38,38,38,38.0,38,42,false
3,openjpa-persistence-jdbc/src/main/java/org/apache/openjpa/persistence/jdbc/KeyStrategy.java,4,1,1,38,38,38,38.0,38,42,false
3,openjpa-persistence-jdbc/src/main/java/org/apache/openjpa/persistence/jdbc/XEmbeddedMapping.java,4,1,1,45,45,45,45.0,45,42,false
3,openjpa-persistence-jdbc/src/main/java/org/apache/openjpa/persistence/jdbc/XMappingOverride.java,4,1,1,52,52,52,52.0,52,42,false
3,openjpa-persistence-jdbc/src/main/java/org/apache/openjpa/persistence/jdbc/XMappingOverrides.java,4,1,1,37,37,37,37.0,37,42,false
3,openjpa-persistence-jdbc/src/test/java/org/apache/openjpa/conf/TestCacheMarshaller.java,4,1,1,69,69,69,69.0,69,26,false
3,openjpa-persistence-jdbc/src/test/java/org/apache/openjpa/conf/TestCacheMarshallerEndToEnd.java,4,1,1,114,114,114,114.0,114,26,false
3,openjpa-persistence-jdbc/src/test/java/org/apache/openjpa/enhance/TestPCEnhancerFindField.java,4,1,1,46,46,46,46.0,46,2,false
3,openjpa-persistence-jdbc/src/test/java/org/apache/openjpa/jdbc/kernel/TestSelectReuse.java,4,1,1,133,133,133,133.0,133,8,false
3,openjpa-persistence-jdbc/src/test/java/org/apache/openjpa/jdbc/meta/TestCalendarField.java,4,1,1,57,57,57,57.0,57,5,false
3,openjpa-persistence-jdbc/src/test/java/org/apache/openjpa/jdbc/meta/strats/AbstractLobTest.java,4,1,1,247,247,247,247.0,247,16,false
3,openjpa-persistence-jdbc/src/test/java/org/apache/openjpa/jdbc/meta/strats/InputStreamLobEntity.java,4,1,1,58,58,58,58.0,58,16,false
3,openjpa-persistence-jdbc/src/test/java/org/apache/openjpa/jdbc/meta/strats/InputStreamLobTest.java,4,1,1,78,78,78,78.0,78,16,false
3,openjpa-persistence-jdbc/src/test/java/org/apache/openjpa/jdbc/meta/strats/InputStreamWrapper.java,4,1,1,67,67,67,67.0,67,16,false
3,openjpa-persistence-jdbc/src/test/java/org/apache/openjpa/jdbc/meta/strats/LobEntity.java,4,1,1,37,37,37,37.0,37,16,false
3,openjpa-persistence-jdbc/src/test/java/org/apache/openjpa/jdbc/meta/strats/ReaderLobEntity.java,4,1,1,58,58,58,58.0,58,16,false
3,openjpa-persistence-jdbc/src/test/java/org/apache/openjpa/jdbc/meta/strats/ReaderLobTest.java,4,1,1,78,78,78,78.0,78,16,false
3,openjpa-persistence-jdbc/src/test/java/org/apache/openjpa/jdbc/meta/strats/ReaderWrapper.java,4,1,1,55,55,55,55.0,55,16,false
3,openjpa-persistence-jdbc/src/test/java/org/apache/openjpa/persistence/external/EntityA.java,4,1,1,69,69,69,69.0,69,3,false
3,openjpa-persistence-jdbc/src/test/java/org/apache/openjpa/persistence/external/TestExternalValues.java,4,1,1,62,62,62,62.0,62,3,false
3,openjpa-persistence-jdbc/src/test/java/org/apache/openjpa/persistence/fetchgroups/FGAddress.java,4,1,1,105,105,105,105.0,105,9,false
3,openjpa-persistence-jdbc/src/test/java/org/apache/openjpa/persistence/fetchgroups/FGDepartment.java,4,1,1,60,60,60,60.0,60,9,false
3,openjpa-persistence-jdbc/src/test/java/org/apache/openjpa/persistence/fetchgroups/FGEmployee.java,4,1,1,174,174,174,174.0,174,9,false
3,openjpa-persistence-jdbc/src/test/java/org/apache/openjpa/persistence/fetchgroups/FGManager.java,4,1,1,72,72,72,72.0,72,9,false
3,openjpa-persistence-jdbc/src/test/java/org/apache/openjpa/persistence/fetchgroups/TestFetchGroup.java,4,1,1,564,564,564,564.0,564,9,false
3,openjpa-persistence-jdbc/src/test/java/org/apache/openjpa/persistence/generationtype/Dog1.java,4,1,1,96,96,96,96.0,96,12,true
3,openjpa-persistence-jdbc/src/test/java/org/apache/openjpa/persistence/generationtype/Dog2.java,4,1,1,96,96,96,96.0,96,12,true
3,openjpa-persistence-jdbc/src/test/java/org/apache/openjpa/persistence/generationtype/DogId.java,4,1,1,103,103,103,103.0,103,12,true
3,openjpa-persistence-jdbc/src/test/java/org/apache/openjpa/persistence/generationtype/DogTable.java,4,1,1,101,101,101,101.0,101,12,true
3,openjpa-persistence-jdbc/src/test/java/org/apache/openjpa/persistence/generationtype/DogTable2.java,4,1,1,100,100,100,100.0,100,12,true
3,openjpa-persistence-jdbc/src/test/java/org/apache/openjpa/persistence/generationtype/TestMultipleSchemaNames.java,4,1,1,237,237,237,237.0,237,12,true
3,openjpa-persistence-jdbc/src/test/java/org/apache/openjpa/persistence/hugariannotation/HungarianNotationFieldDuplicates.java,4,1,1,34,34,34,34.0,34,6,false
3,openjpa-persistence-jdbc/src/test/java/org/apache/openjpa/persistence/hugariannotation/HungarianNotationFields.java,4,1,1,53,53,53,53.0,53,6,false
3,openjpa-persistence-jdbc/src/test/java/org/apache/openjpa/persistence/hugariannotation/OtherClass.java,4,1,1,35,35,35,35.0,35,6,false
3,openjpa-persistence-jdbc/src/test/java/org/apache/openjpa/persistence/hugariannotation/TestHungarianNotationRemoval.java,4,1,1,87,87,87,87.0,87,6,false
3,openjpa-persistence-jdbc/src/test/java/org/apache/openjpa/persistence/jdbc/annotations/AnnoTest1.java,4,1,1,312,312,312,312.0,312,34,false
3,openjpa-persistence-jdbc/src/test/java/org/apache/openjpa/persistence/jdbc/annotations/AnnoTest2.java,4,1,1,166,166,166,166.0,166,34,false
3,openjpa-persistence-jdbc/src/test/java/org/apache/openjpa/persistence/jdbc/annotations/AnnoTest3.java,4,1,1,64,64,64,64.0,64,34,false
3,openjpa-persistence-jdbc/src/test/java/org/apache/openjpa/persistence/jdbc/annotations/EmbedOwner.java,4,1,1,68,68,68,68.0,68,34,false
3,openjpa-persistence-jdbc/src/test/java/org/apache/openjpa/persistence/jdbc/annotations/EmbedValue.java,4,1,1,74,74,74,74.0,74,34,false
3,openjpa-persistence-jdbc/src/test/java/org/apache/openjpa/persistence/jdbc/annotations/EmbedValue2.java,4,1,1,54,54,54,54.0,54,34,false
3,openjpa-persistence-jdbc/src/test/java/org/apache/openjpa/persistence/jdbc/annotations/EmbeddableSuper.java,4,1,1,77,77,77,77.0,77,34,false
3,openjpa-persistence-jdbc/src/test/java/org/apache/openjpa/persistence/jdbc/annotations/EmbeddableSuperSub.java,4,1,1,58,58,58,58.0,58,34,false
3,openjpa-persistence-jdbc/src/test/java/org/apache/openjpa/persistence/jdbc/annotations/EmbeddedIdClass.java,4,1,1,80,80,80,80.0,80,34,false
3,openjpa-persistence-jdbc/src/test/java/org/apache/openjpa/persistence/jdbc/annotations/EmbeddedIdEntity.java,4,1,1,88,88,88,88.0,88,34,false
3,openjpa-persistence-jdbc/src/test/java/org/apache/openjpa/persistence/jdbc/annotations/ExtensionsEntity.java,4,1,1,94,94,94,94.0,94,34,false
3,openjpa-persistence-jdbc/src/test/java/org/apache/openjpa/persistence/jdbc/annotations/Flat1.java,4,1,1,68,68,68,68.0,68,34,false
3,openjpa-persistence-jdbc/src/test/java/org/apache/openjpa/persistence/jdbc/annotations/Flat2.java,4,1,1,46,46,46,46.0,46,34,false
3,openjpa-persistence-jdbc/src/test/java/org/apache/openjpa/persistence/jdbc/annotations/Generator.java,4,1,1,110,110,110,110.0,110,34,false
3,openjpa-persistence-jdbc/src/test/java/org/apache/openjpa/persistence/jdbc/annotations/NonstandardMappingEntity.java,4,1,1,148,148,148,148.0,148,42,false
3,openjpa-persistence-jdbc/src/test/java/org/apache/openjpa/persistence/jdbc/annotations/NonstandardMappingMappedSuper.java,4,1,1,50,50,50,50.0,50,42,false
3,openjpa-persistence-jdbc/src/test/java/org/apache/openjpa/persistence/jdbc/annotations/PointHandler.java,4,1,1,89,89,89,89.0,89,42,false
3,openjpa-persistence-jdbc/src/test/java/org/apache/openjpa/persistence/jdbc/annotations/PropertyAccess1.java,4,1,1,65,65,65,65.0,65,34,false
3,openjpa-persistence-jdbc/src/test/java/org/apache/openjpa/persistence/jdbc/annotations/TablePerClass1.java,4,1,1,64,64,64,64.0,64,34,false
3,openjpa-persistence-jdbc/src/test/java/org/apache/openjpa/persistence/jdbc/annotations/TablePerClass2.java,4,1,1,39,39,39,39.0,39,34,false
3,openjpa-persistence-jdbc/src/test/java/org/apache/openjpa/persistence/jdbc/annotations/TestDiscriminator.java,4,1,1,76,76,76,76.0,76,34,false
3,openjpa-persistence-jdbc/src/test/java/org/apache/openjpa/persistence/jdbc/annotations/TestEJBEmbedded.java,4,1,1,127,127,127,127.0,127,34,false
3,openjpa-persistence-jdbc/src/test/java/org/apache/openjpa/persistence/jdbc/annotations/TestEmbeddableSuperclass.java,4,1,1,136,136,136,136.0,136,34,false
3,openjpa-persistence-jdbc/src/test/java/org/apache/openjpa/persistence/jdbc/annotations/TestEmbeddedId.java,4,1,1,244,244,244,244.0,244,34,false
3,openjpa-persistence-jdbc/src/test/java/org/apache/openjpa/persistence/jdbc/annotations/TestEnumerated.java,4,1,1,97,97,97,97.0,97,34,false
3,openjpa-persistence-jdbc/src/test/java/org/apache/openjpa/persistence/jdbc/annotations/TestExtensionAnnotations.java,4,1,1,132,132,132,132.0,132,34,false
3,openjpa-persistence-jdbc/src/test/java/org/apache/openjpa/persistence/jdbc/annotations/TestFlatInheritance.java,4,1,1,58,58,58,58.0,58,34,false
3,openjpa-persistence-jdbc/src/test/java/org/apache/openjpa/persistence/jdbc/annotations/TestGenerators.java,4,1,1,96,96,96,96.0,96,1,false
3,openjpa-persistence-jdbc/src/test/java/org/apache/openjpa/persistence/jdbc/annotations/TestJoinedInheritance.java,4,1,1,65,65,65,65.0,65,34,false
3,openjpa-persistence-jdbc/src/test/java/org/apache/openjpa/persistence/jdbc/annotations/TestManyToMany.java,4,1,1,110,110,110,110.0,110,34,false
3,openjpa-persistence-jdbc/src/test/java/org/apache/openjpa/persistence/jdbc/annotations/TestMapKey.java,4,1,1,123,123,123,123.0,123,34,false
3,openjpa-persistence-jdbc/src/test/java/org/apache/openjpa/persistence/jdbc/annotations/TestNonstandardMappingAnnotations.java,4,1,1,280,280,280,280.0,280,42,false
3,openjpa-persistence-jdbc/src/test/java/org/apache/openjpa/persistence/jdbc/annotations/TestOneToMany.java,4,1,1,102,102,102,102.0,102,34,false
3,openjpa-persistence-jdbc/src/test/java/org/apache/openjpa/persistence/jdbc/annotations/TestOneToOne.java,4,1,1,135,135,135,135.0,135,34,false
3,openjpa-persistence-jdbc/src/test/java/org/apache/openjpa/persistence/jdbc/annotations/TestPropertyAccess.java,4,1,1,92,92,92,92.0,92,34,false
3,openjpa-persistence-jdbc/src/test/java/org/apache/openjpa/persistence/jdbc/annotations/TestSerializedLobs.java,4,1,1,137,137,137,137.0,137,34,false
3,openjpa-persistence-jdbc/src/test/java/org/apache/openjpa/persistence/jdbc/annotations/TestTablePerClassInheritance.java,4,1,1,101,101,101,101.0,101,34,false
3,openjpa-persistence-jdbc/src/test/java/org/apache/openjpa/persistence/jdbc/annotations/TestVersion.java,4,1,1,184,184,184,184.0,184,34,false
3,openjpa-persistence-jdbc/src/test/java/org/apache/openjpa/persistence/lifecycle/TestMergeAndPersistWithManagedRelation.java,4,1,1,75,75,75,75.0,75,2,false
3,openjpa-persistence-jdbc/src/test/java/org/apache/openjpa/persistence/lifecycle/TestPessimisticPNonTransToPDirty.java,4,1,1,60,60,60,60.0,60,2,false
3,openjpa-persistence-jdbc/src/test/java/org/apache/openjpa/persistence/query/NamedQueryEntity.java,4,1,1,42,42,42,42.0,42,26,false
3,openjpa-persistence-jdbc/src/test/java/org/apache/openjpa/persistence/relations/HandlerCollectionInstance.java,4,1,1,39,39,39,39.0,39,42,false
3,openjpa-persistence-jdbc/src/test/java/org/apache/openjpa/persistence/relations/HandlerToHandlerMapInstance.java,4,1,1,44,44,44,44.0,44,42,false
3,openjpa-persistence-jdbc/src/test/java/org/apache/openjpa/persistence/relations/HandlerToRelationMapInstance.java,4,1,1,44,44,44,44.0,44,42,false
3,openjpa-persistence-jdbc/src/test/java/org/apache/openjpa/persistence/relations/RelationToHandlerMapInstance.java,4,1,1,43,43,43,43.0,43,42,false
3,openjpa-persistence-jdbc/src/test/java/org/apache/openjpa/persistence/relations/RelationToRelationMapInstance.java,4,1,1,43,43,43,43.0,43,42,false
3,openjpa-persistence-jdbc/src/test/java/org/apache/openjpa/persistence/relations/SimpleEmbeddable.java,4,1,1,34,34,34,34.0,34,42,false
3,openjpa-persistence-jdbc/src/test/java/org/apache/openjpa/persistence/relations/TestHandlerCollections.java,4,1,1,47,47,47,47.0,47,42,false
3,openjpa-persistence-jdbc/src/test/java/org/apache/openjpa/persistence/relations/TestHandlerToHandlerMaps.java,4,1,1,51,51,51,51.0,51,42,false
3,openjpa-persistence-jdbc/src/test/java/org/apache/openjpa/persistence/relations/TestHandlerToRelationMaps.java,4,1,1,48,48,48,48.0,48,42,false
3,openjpa-persistence-jdbc/src/test/java/org/apache/openjpa/persistence/relations/TestRelationToHandlerMaps.java,4,1,1,51,51,51,51.0,51,42,false
3,openjpa-persistence-jdbc/src/test/java/org/apache/openjpa/persistence/relations/TestRelationToRelationMaps.java,4,1,1,50,50,50,50.0,50,42,false
3,openjpa-persistence-jdbc/src/test/java/org/apache/openjpa/persistence/simple/Item.java,4,1,1,77,77,77,77.0,77,3,false
3,openjpa-persistence-jdbc/src/test/java/org/apache/openjpa/persistence/simple/TestEntityManagerFactory.java,4,1,1,37,37,37,37.0,37,4,false
3,openjpa-persistence-jdbc/src/test/java/org/apache/openjpa/persistence/simple/TestJoin.java,4,1,1,42,42,42,42.0,42,3,false
