ReferringTicketID,1,2,3,4,5,6,7,8,9,10,11,12,13,14,15,16,17,18,19,20,21,22,23,24,25,26,27,28,29,30,JIRACheck
OPENJPA-9,IOA,A,A,A,F,-,-,-,-,-,-,-,-,-,-,-,-,-,-,-,-,-,-,-,-,-,-,-,-,-,NOT_REPORTED
OPENJPA-13,IOAF,-,-,-,-,-,-,-,-,-,-,-,-,-,-,-,-,-,-,-,-,-,-,-,-,-,-,-,-,-,NOT_REPORTED
OPENJPA-15,IOAF,-,-,-,-,-,-,-,-,-,-,-,-,-,-,-,-,-,-,-,-,-,-,-,-,-,-,-,-,-,NOT_REPORTED
OPENJPA-20,IOA,A,A,A,A,A,A,F,-,-,-,-,-,-,-,-,-,-,-,-,-,-,-,-,-,-,-,-,-,-,NOT_REPORTED
OPENJPA-21,IOA,F,-,-,-,-,-,-,-,-,-,-,-,-,-,-,-,-,-,-,-,-,-,-,-,-,-,-,-,-,NOT_REPORTED
OPENJPA-24,IOA,F,-,-,-,-,-,-,-,-,-,-,-,-,-,-,-,-,-,-,-,-,-,-,-,-,-,-,-,-,NOT_REPORTED
OPENJPA-28,IOA,A,A,A,A,A,A,F,-,-,-,-,-,-,-,-,-,-,-,-,-,-,-,-,-,-,-,-,-,-,NOT_REPORTED
OPENJPA-35,IOA,F,-,-,-,-,-,-,-,-,-,-,-,-,-,-,-,-,-,-,-,-,-,-,-,-,-,-,-,-,OK
OPENJPA-42,IOAF,-,-,-,-,-,-,-,-,-,-,-,-,-,-,-,-,-,-,-,-,-,-,-,-,-,-,-,-,-,NOT_REPORTED
OPENJPA-44,IOA,A,A,A,A,A,A,F,-,-,-,-,-,-,-,-,-,-,-,-,-,-,-,-,-,-,-,-,-,-,NOT_REPORTED
OPENJPA-46,IOA,F,-,-,-,-,-,-,-,-,-,-,-,-,-,-,-,-,-,-,-,-,-,-,-,-,-,-,-,-,NOT_REPORTED
OPENJPA-51,IOA,A,A,A,A,A,F,-,-,-,-,-,-,-,-,-,-,-,-,-,-,-,-,-,-,-,-,-,-,-,IV_AFTER_OV*AV_AFTER_FV*FV_AS_AV
OPENJPA-71,IOA,F,-,-,-,-,-,-,-,-,-,-,-,-,-,-,-,-,-,-,-,-,-,-,-,-,-,-,-,-,OK
OPENJPA-74,IOAF,-,-,-,-,-,-,-,-,-,-,-,-,-,-,-,-,-,-,-,-,-,-,-,-,-,-,-,-,-,NOT_REPORTED
OPENJPA-75,IOA,A,A,A,A,A,A,F,-,-,-,-,-,-,-,-,-,-,-,-,-,-,-,-,-,-,-,-,-,-,NOT_REPORTED
OPENJPA-77,IOA,F,-,-,-,-,-,-,-,-,-,-,-,-,-,-,-,-,-,-,-,-,-,-,-,-,-,-,-,-,NOT_REPORTED
OPENJPA-80,IOA,F,-,-,-,-,-,-,-,-,-,-,-,-,-,-,-,-,-,-,-,-,-,-,-,-,-,-,-,-,NOT_REPORTED
OPENJPA-100,IOA,F,-,-,-,-,-,-,-,-,-,-,-,-,-,-,-,-,-,-,-,-,-,-,-,-,-,-,-,-,NOT_REPORTED
OPENJPA-102,IOA,F,-,-,-,-,-,-,-,-,-,-,-,-,-,-,-,-,-,-,-,-,-,-,-,-,-,-,-,-,NOT_REPORTED
OPENJPA-103,IOA,F,-,-,-,-,-,-,-,-,-,-,-,-,-,-,-,-,-,-,-,-,-,-,-,-,-,-,-,-,NOT_REPORTED
OPENJPA-113,IA,OA,A,F,-,-,-,-,-,-,-,-,-,-,-,-,-,-,-,-,-,-,-,-,-,-,-,-,-,-,NOT_REPORTED
OPENJPA-116,IOA,F,-,-,-,-,-,-,-,-,-,-,-,-,-,-,-,-,-,-,-,-,-,-,-,-,-,-,-,-,NOT_REPORTED
OPENJPA-118,IOA,F,-,-,-,-,-,-,-,-,-,-,-,-,-,-,-,-,-,-,-,-,-,-,-,-,-,-,-,-,NOT_REPORTED
OPENJPA-121,IOA,F,-,-,-,-,-,-,-,-,-,-,-,-,-,-,-,-,-,-,-,-,-,-,-,-,-,-,-,-,NOT_REPORTED
OPENJPA-122,IOA,F,-,-,-,-,-,-,-,-,-,-,-,-,-,-,-,-,-,-,-,-,-,-,-,-,-,-,-,-,NOT_REPORTED
OPENJPA-132,IOA,F,-,-,-,-,-,-,-,-,-,-,-,-,-,-,-,-,-,-,-,-,-,-,-,-,-,-,-,-,NOT_REPORTED
OPENJPA-134,IOA,F,-,-,-,-,-,-,-,-,-,-,-,-,-,-,-,-,-,-,-,-,-,-,-,-,-,-,-,-,NOT_REPORTED
OPENJPA-142,IOA,F,-,-,-,-,-,-,-,-,-,-,-,-,-,-,-,-,-,-,-,-,-,-,-,-,-,-,-,-,OK
OPENJPA-146,IOA,F,-,-,-,-,-,-,-,-,-,-,-,-,-,-,-,-,-,-,-,-,-,-,-,-,-,-,-,-,NOT_REPORTED
OPENJPA-148,IA,OA,F,-,-,-,-,-,-,-,-,-,-,-,-,-,-,-,-,-,-,-,-,-,-,-,-,-,-,-,NOT_REPORTED
OPENJPA-150,IOA,F,-,-,-,-,-,-,-,-,-,-,-,-,-,-,-,-,-,-,-,-,-,-,-,-,-,-,-,-,NOT_REPORTED
OPENJPA-162,IOA,F,-,-,-,-,-,-,-,-,-,-,-,-,-,-,-,-,-,-,-,-,-,-,-,-,-,-,-,-,OK
OPENJPA-174,IOA,F,-,-,-,-,-,-,-,-,-,-,-,-,-,-,-,-,-,-,-,-,-,-,-,-,-,-,-,-,OK
OPENJPA-181,IOA,F,-,-,-,-,-,-,-,-,-,-,-,-,-,-,-,-,-,-,-,-,-,-,-,-,-,-,-,-,IV_AFTER_OV*FV_AS_AV
OPENJPA-186,IOA,F,-,-,-,-,-,-,-,-,-,-,-,-,-,-,-,-,-,-,-,-,-,-,-,-,-,-,-,-,IV_AFTER_OV*FV_AS_AV
OPENJPA-202,IOA,F,-,-,-,-,-,-,-,-,-,-,-,-,-,-,-,-,-,-,-,-,-,-,-,-,-,-,-,-,IV_AFTER_OV*FV_AS_AV
OPENJPA-207,IA,OA,A,A,A,A,A,A,A,F,-,-,-,-,-,-,-,-,-,-,-,-,-,-,-,-,-,-,-,-,AVS_NOT_CONSISTENT
OPENJPA-208,IOA,F,-,-,-,-,-,-,-,-,-,-,-,-,-,-,-,-,-,-,-,-,-,-,-,-,-,-,-,-,OK
OPENJPA-209,IA,OA,A,A,A,A,F,-,-,-,-,-,-,-,-,-,-,-,-,-,-,-,-,-,-,-,-,-,-,-,AVS_NOT_CONSISTENT
OPENJPA-210,IA,OA,A,A,A,A,F,-,-,-,-,-,-,-,-,-,-,-,-,-,-,-,-,-,-,-,-,-,-,-,AVS_NOT_CONSISTENT
OPENJPA-214,IOA,F,-,-,-,-,-,-,-,-,-,-,-,-,-,-,-,-,-,-,-,-,-,-,-,-,-,-,-,-,IV_AFTER_OV*FV_AS_AV
OPENJPA-218,IA,OA,A,A,A,A,A,A,A,F,-,-,-,-,-,-,-,-,-,-,-,-,-,-,-,-,-,-,-,-,AVS_NOT_CONSISTENT
OPENJPA-222,-,IOA,F,-,-,-,-,-,-,-,-,-,-,-,-,-,-,-,-,-,-,-,-,-,-,-,-,-,-,-,OK
OPENJPA-237,-,IOA,F,-,-,-,-,-,-,-,-,-,-,-,-,-,-,-,-,-,-,-,-,-,-,-,-,-,-,-,OK
OPENJPA-241,IA,A,OA,A,A,A,F,-,-,-,-,-,-,-,-,-,-,-,-,-,-,-,-,-,-,-,-,-,-,-,AVS_NOT_CONSISTENT
OPENJPA-244,IA,OA,F,-,-,-,-,-,-,-,-,-,-,-,-,-,-,-,-,-,-,-,-,-,-,-,-,-,-,-,IV_AFTER_OV*FV_AS_AV
OPENJPA-245,IA,A,OA,A,F,-,-,-,-,-,-,-,-,-,-,-,-,-,-,-,-,-,-,-,-,-,-,-,-,-,AVS_NOT_CONSISTENT
OPENJPA-256,IA,OA,F,-,-,-,-,-,-,-,-,-,-,-,-,-,-,-,-,-,-,-,-,-,-,-,-,-,-,-,NOT_REPORTED
OPENJPA-258,IA,A,OA,A,F,-,-,-,-,-,-,-,-,-,-,-,-,-,-,-,-,-,-,-,-,-,-,-,-,-,AVS_NOT_CONSISTENT
OPENJPA-269,IA,OA,F,-,-,-,-,-,-,-,-,-,-,-,-,-,-,-,-,-,-,-,-,-,-,-,-,-,-,-,NOT_REPORTED
OPENJPA-282,IA,A,OA,F,-,-,-,-,-,-,-,-,-,-,-,-,-,-,-,-,-,-,-,-,-,-,-,-,-,-,NOT_REPORTED
OPENJPA-284,IA,OA,F,-,-,-,-,-,-,-,-,-,-,-,-,-,-,-,-,-,-,-,-,-,-,-,-,-,-,-,IV_AFTER_OV*FV_AS_AV
OPENJPA-288,IA,OA,F,-,-,-,-,-,-,-,-,-,-,-,-,-,-,-,-,-,-,-,-,-,-,-,-,-,-,-,IV_AFTER_OV*FV_AS_AV
OPENJPA-295,IA,OA,F,-,-,-,-,-,-,-,-,-,-,-,-,-,-,-,-,-,-,-,-,-,-,-,-,-,-,-,AVS_NOT_CONSISTENT
OPENJPA-303,IA,OA,F,-,-,-,-,-,-,-,-,-,-,-,-,-,-,-,-,-,-,-,-,-,-,-,-,-,-,-,FV_AS_AV
OPENJPA-326,-,IA,OA,F,-,-,-,-,-,-,-,-,-,-,-,-,-,-,-,-,-,-,-,-,-,-,-,-,-,-,AVS_NOT_CONSISTENT
OPENJPA-331,-,IA,OA,A,F,-,-,-,-,-,-,-,-,-,-,-,-,-,-,-,-,-,-,-,-,-,-,-,-,-,AVS_NOT_CONSISTENT
OPENJPA-339,-,IA,OA,F,-,-,-,-,-,-,-,-,-,-,-,-,-,-,-,-,-,-,-,-,-,-,-,-,-,-,AVS_NOT_CONSISTENT
OPENJPA-340,IA,A,A,OA,A,A,F,-,-,-,-,-,-,-,-,-,-,-,-,-,-,-,-,-,-,-,-,-,-,-,NOT_REPORTED
OPENJPA-343,-,IA,OA,F,-,-,-,-,-,-,-,-,-,-,-,-,-,-,-,-,-,-,-,-,-,-,-,-,-,-,OK
OPENJPA-349,-,-,IA,OA,A,A,F,-,-,-,-,-,-,-,-,-,-,-,-,-,-,-,-,-,-,-,-,-,-,-,AVS_NOT_CONSISTENT
OPENJPA-353,-,-,IOA,F,-,-,-,-,-,-,-,-,-,-,-,-,-,-,-,-,-,-,-,-,-,-,-,-,-,-,OK
OPENJPA-355,-,-,IOA,F,-,-,-,-,-,-,-,-,-,-,-,-,-,-,-,-,-,-,-,-,-,-,-,-,-,-,OK
OPENJPA-356,IA,A,OA,F,-,-,-,-,-,-,-,-,-,-,-,-,-,-,-,-,-,-,-,-,-,-,-,-,-,-,OK
OPENJPA-357,-,IA,OA,F,-,-,-,-,-,-,-,-,-,-,-,-,-,-,-,-,-,-,-,-,-,-,-,-,-,-,OK
OPENJPA-358,-,IA,OA,F,-,-,-,-,-,-,-,-,-,-,-,-,-,-,-,-,-,-,-,-,-,-,-,-,-,-,OK
OPENJPA-359,-,-,IA,OA,A,F,-,-,-,-,-,-,-,-,-,-,-,-,-,-,-,-,-,-,-,-,-,-,-,-,AVS_NOT_CONSISTENT
OPENJPA-360,IA,A,OA,F,-,-,-,-,-,-,-,-,-,-,-,-,-,-,-,-,-,-,-,-,-,-,-,-,-,-,AV_AFTER_FV*FV_AS_AV
OPENJPA-364,IA,A,A,OA,A,F,-,-,-,-,-,-,-,-,-,-,-,-,-,-,-,-,-,-,-,-,-,-,-,-,IV_AFTER_OV*FV_AS_AV
OPENJPA-365,IA,A,A,OA,A,A,F,-,-,-,-,-,-,-,-,-,-,-,-,-,-,-,-,-,-,-,-,-,-,-,NOT_REPORTED
OPENJPA-366,-,-,IA,OA,F,-,-,-,-,-,-,-,-,-,-,-,-,-,-,-,-,-,-,-,-,-,-,-,-,-,AVS_NOT_CONSISTENT
OPENJPA-368,-,IA,OA,F,-,-,-,-,-,-,-,-,-,-,-,-,-,-,-,-,-,-,-,-,-,-,-,-,-,-,OK
OPENJPA-375,IA,A,OA,F,-,-,-,-,-,-,-,-,-,-,-,-,-,-,-,-,-,-,-,-,-,-,-,-,-,-,AV_AFTER_FV*FV_AS_AV
OPENJPA-378,IA,A,OA,F,-,-,-,-,-,-,-,-,-,-,-,-,-,-,-,-,-,-,-,-,-,-,-,-,-,-,AV_AFTER_FV*FV_AS_AV
OPENJPA-386,-,IA,A,OA,A,A,A,A,A,F,-,-,-,-,-,-,-,-,-,-,-,-,-,-,-,-,-,-,-,-,AVS_NOT_CONSISTENT
OPENJPA-389,IA,A,OA,F,-,-,-,-,-,-,-,-,-,-,-,-,-,-,-,-,-,-,-,-,-,-,-,-,-,-,AV_AFTER_FV*FV_AS_AV
OPENJPA-394,IA,A,OA,F,-,-,-,-,-,-,-,-,-,-,-,-,-,-,-,-,-,-,-,-,-,-,-,-,-,-,IV_AFTER_OV*FV_AS_AV
OPENJPA-399,-,-,-,IOA,F,-,-,-,-,-,-,-,-,-,-,-,-,-,-,-,-,-,-,-,-,-,-,-,-,-,OK
OPENJPA-401,-,-,IA,OA,F,-,-,-,-,-,-,-,-,-,-,-,-,-,-,-,-,-,-,-,-,-,-,-,-,-,AVS_NOT_CONSISTENT
OPENJPA-402,IA,A,OA,F,-,-,-,-,-,-,-,-,-,-,-,-,-,-,-,-,-,-,-,-,-,-,-,-,-,-,IV_AFTER_OV*AV_AFTER_FV*FV_AS_AV
OPENJPA-413,-,-,IOA,F,-,-,-,-,-,-,-,-,-,-,-,-,-,-,-,-,-,-,-,-,-,-,-,-,-,-,OK
OPENJPA-415,IA,A,OA,F,-,-,-,-,-,-,-,-,-,-,-,-,-,-,-,-,-,-,-,-,-,-,-,-,-,-,IV_AFTER_OV*AV_AFTER_FV*FV_AS_AV
OPENJPA-419,IA,A,A,OA,F,-,-,-,-,-,-,-,-,-,-,-,-,-,-,-,-,-,-,-,-,-,-,-,-,-,AVS_NOT_CONSISTENT
OPENJPA-420,-,-,IA,OA,F,-,-,-,-,-,-,-,-,-,-,-,-,-,-,-,-,-,-,-,-,-,-,-,-,-,AVS_NOT_CONSISTENT
OPENJPA-427,-,-,IA,OA,F,-,-,-,-,-,-,-,-,-,-,-,-,-,-,-,-,-,-,-,-,-,-,-,-,-,AV_AFTER_FV*AVS_NOT_CONSISTENT
OPENJPA-428,-,-,IA,OA,A,A,A,A,A,A,A,A,A,A,A,A,A,F,-,-,-,-,-,-,-,-,-,-,-,-,AVS_NOT_CONSISTENT
OPENJPA-442,IA,A,A,A,OA,F,-,-,-,-,-,-,-,-,-,-,-,-,-,-,-,-,-,-,-,-,-,-,-,-,IV_AFTER_OV*AV_AFTER_FV*FV_AS_AV
OPENJPA-446,-,-,-,IOA,F,-,-,-,-,-,-,-,-,-,-,-,-,-,-,-,-,-,-,-,-,-,-,-,-,-,OK
OPENJPA-447,IA,A,A,OA,F,-,-,-,-,-,-,-,-,-,-,-,-,-,-,-,-,-,-,-,-,-,-,-,-,-,IV_AFTER_OV*AV_AFTER_FV
OPENJPA-452,IA,A,A,OA,F,-,-,-,-,-,-,-,-,-,-,-,-,-,-,-,-,-,-,-,-,-,-,-,-,-,NOT_REPORTED
OPENJPA-456,IA,A,A,A,OA,F,-,-,-,-,-,-,-,-,-,-,-,-,-,-,-,-,-,-,-,-,-,-,-,-,IV_AFTER_OV*FV_AS_AV
OPENJPA-458,-,-,-,IA,OA,A,F,-,-,-,-,-,-,-,-,-,-,-,-,-,-,-,-,-,-,-,-,-,-,-,AVS_NOT_CONSISTENT
OPENJPA-459,-,-,IA,A,OA,A,A,A,A,A,F,-,-,-,-,-,-,-,-,-,-,-,-,-,-,-,-,-,-,-,AVS_NOT_CONSISTENT
OPENJPA-460,IA,A,A,OA,F,-,-,-,-,-,-,-,-,-,-,-,-,-,-,-,-,-,-,-,-,-,-,-,-,-,IV_AFTER_OV*AV_AFTER_FV
OPENJPA-462,-,IA,A,A,OA,A,F,-,-,-,-,-,-,-,-,-,-,-,-,-,-,-,-,-,-,-,-,-,-,-,AVS_NOT_CONSISTENT
OPENJPA-464,IA,A,A,OA,F,-,-,-,-,-,-,-,-,-,-,-,-,-,-,-,-,-,-,-,-,-,-,-,-,-,IV_AFTER_OV*AV_AFTER_FV
OPENJPA-466,-,-,IA,A,OA,A,A,A,A,A,F,-,-,-,-,-,-,-,-,-,-,-,-,-,-,-,-,-,-,-,AVS_NOT_CONSISTENT
OPENJPA-470,IA,A,A,A,OA,A,F,-,-,-,-,-,-,-,-,-,-,-,-,-,-,-,-,-,-,-,-,-,-,-,AVS_NOT_CONSISTENT
OPENJPA-471,-,-,-,IOA,F,-,-,-,-,-,-,-,-,-,-,-,-,-,-,-,-,-,-,-,-,-,-,-,-,-,OK
OPENJPA-478,IA,A,A,A,OA,A,A,A,A,A,A,A,A,A,A,F,-,-,-,-,-,-,-,-,-,-,-,-,-,-,IV_AFTER_OV*AVS_NOT_CONSISTENT
OPENJPA-485,IA,A,A,A,OA,A,A,F,-,-,-,-,-,-,-,-,-,-,-,-,-,-,-,-,-,-,-,-,-,-,NOT_REPORTED
OPENJPA-495,IA,A,A,A,OA,A,F,-,-,-,-,-,-,-,-,-,-,-,-,-,-,-,-,-,-,-,-,-,-,-,NOT_REPORTED
OPENJPA-497,-,-,-,IA,OA,A,A,F,-,-,-,-,-,-,-,-,-,-,-,-,-,-,-,-,-,-,-,-,-,-,AVS_NOT_CONSISTENT
OPENJPA-508,-,-,IA,OA,F,-,-,-,-,-,-,-,-,-,-,-,-,-,-,-,-,-,-,-,-,-,-,-,-,-,OK
OPENJPA-509,IA,A,A,A,OA,A,F,-,-,-,-,-,-,-,-,-,-,-,-,-,-,-,-,-,-,-,-,-,-,-,NOT_REPORTED
OPENJPA-518,-,-,-,IA,OA,F,-,-,-,-,-,-,-,-,-,-,-,-,-,-,-,-,-,-,-,-,-,-,-,-,AVS_NOT_CONSISTENT
OPENJPA-525,-,-,IA,A,A,OA,A,A,A,F,-,-,-,-,-,-,-,-,-,-,-,-,-,-,-,-,-,-,-,-,AV_AFTER_FV*AVS_NOT_CONSISTENT
OPENJPA-526,-,-,IA,A,A,OA,A,A,A,A,A,A,A,A,F,-,-,-,-,-,-,-,-,-,-,-,-,-,-,-,AVS_NOT_CONSISTENT
OPENJPA-528,IA,A,A,A,OA,F,-,-,-,-,-,-,-,-,-,-,-,-,-,-,-,-,-,-,-,-,-,-,-,-,NOT_REPORTED
OPENJPA-530,IA,A,A,A,OA,F,-,-,-,-,-,-,-,-,-,-,-,-,-,-,-,-,-,-,-,-,-,-,-,-,IV_AFTER_OV*FV_AS_AV
OPENJPA-532,IA,A,A,A,OA,F,-,-,-,-,-,-,-,-,-,-,-,-,-,-,-,-,-,-,-,-,-,-,-,-,IV_AFTER_OV*FV_AS_AV
OPENJPA-533,-,-,IA,A,A,OA,F,-,-,-,-,-,-,-,-,-,-,-,-,-,-,-,-,-,-,-,-,-,-,-,AVS_NOT_CONSISTENT
OPENJPA-535,-,-,-,-,IOA,F,-,-,-,-,-,-,-,-,-,-,-,-,-,-,-,-,-,-,-,-,-,-,-,-,OK
OPENJPA-536,IA,A,A,A,OA,F,-,-,-,-,-,-,-,-,-,-,-,-,-,-,-,-,-,-,-,-,-,-,-,-,AV_AFTER_FV
OPENJPA-539,IA,A,A,A,OA,F,-,-,-,-,-,-,-,-,-,-,-,-,-,-,-,-,-,-,-,-,-,-,-,-,IV_AFTER_OV*FV_AS_AV
OPENJPA-547,IA,A,A,A,OA,F,-,-,-,-,-,-,-,-,-,-,-,-,-,-,-,-,-,-,-,-,-,-,-,-,NOT_REPORTED
OPENJPA-550,-,-,-,-,IA,OA,A,F,-,-,-,-,-,-,-,-,-,-,-,-,-,-,-,-,-,-,-,-,-,-,AVS_NOT_CONSISTENT
OPENJPA-552,IA,A,A,A,OA,F,-,-,-,-,-,-,-,-,-,-,-,-,-,-,-,-,-,-,-,-,-,-,-,-,AV_AFTER_FV*FV_AS_AV
OPENJPA-557,-,-,-,-,IA,OA,A,A,F,-,-,-,-,-,-,-,-,-,-,-,-,-,-,-,-,-,-,-,-,-,AVS_NOT_CONSISTENT
OPENJPA-559,IA,A,A,A,OA,F,-,-,-,-,-,-,-,-,-,-,-,-,-,-,-,-,-,-,-,-,-,-,-,-,IV_AFTER_OV*AV_AFTER_FV*FV_AS_AV
OPENJPA-565,IA,A,A,A,OA,F,-,-,-,-,-,-,-,-,-,-,-,-,-,-,-,-,-,-,-,-,-,-,-,-,AV_AFTER_FV*FV_AS_AV
OPENJPA-573,-,-,-,-,IA,OA,A,A,A,F,-,-,-,-,-,-,-,-,-,-,-,-,-,-,-,-,-,-,-,-,AVS_NOT_CONSISTENT
OPENJPA-574,-,IA,A,A,A,OA,F,-,-,-,-,-,-,-,-,-,-,-,-,-,-,-,-,-,-,-,-,-,-,-,AV_AFTER_FV
OPENJPA-580,IA,A,A,A,A,OA,A,A,F,-,-,-,-,-,-,-,-,-,-,-,-,-,-,-,-,-,-,-,-,-,NOT_REPORTED
OPENJPA-581,-,IA,A,A,A,OA,F,-,-,-,-,-,-,-,-,-,-,-,-,-,-,-,-,-,-,-,-,-,-,-,AV_AFTER_FV*FV_AS_AV
OPENJPA-586,-,IA,A,A,A,OA,F,-,-,-,-,-,-,-,-,-,-,-,-,-,-,-,-,-,-,-,-,-,-,-,NOT_REPORTED
OPENJPA-589,IA,A,A,A,OA,F,-,-,-,-,-,-,-,-,-,-,-,-,-,-,-,-,-,-,-,-,-,-,-,-,NOT_REPORTED
OPENJPA-590,IA,A,A,A,OA,F,-,-,-,-,-,-,-,-,-,-,-,-,-,-,-,-,-,-,-,-,-,-,-,-,NOT_REPORTED
OPENJPA-594,-,-,-,IA,OA,F,-,-,-,-,-,-,-,-,-,-,-,-,-,-,-,-,-,-,-,-,-,-,-,-,OK
OPENJPA-595,IA,A,A,A,OA,F,-,-,-,-,-,-,-,-,-,-,-,-,-,-,-,-,-,-,-,-,-,-,-,-,IV_AFTER_OV*AV_AFTER_FV
OPENJPA-596,-,IA,A,A,A,OA,F,-,-,-,-,-,-,-,-,-,-,-,-,-,-,-,-,-,-,-,-,-,-,-,NOT_REPORTED
OPENJPA-602,-,-,-,-,-,IOA,F,-,-,-,-,-,-,-,-,-,-,-,-,-,-,-,-,-,-,-,-,-,-,-,OK
OPENJPA-605,IA,A,A,A,OA,F,-,-,-,-,-,-,-,-,-,-,-,-,-,-,-,-,-,-,-,-,-,-,-,-,NOT_REPORTED
OPENJPA-606,-,IA,A,A,A,OA,F,-,-,-,-,-,-,-,-,-,-,-,-,-,-,-,-,-,-,-,-,-,-,-,IV_AFTER_OV*AV_AFTER_FV
OPENJPA-607,-,IA,A,A,A,OA,F,-,-,-,-,-,-,-,-,-,-,-,-,-,-,-,-,-,-,-,-,-,-,-,NOT_REPORTED
OPENJPA-612,-,IA,A,A,A,OA,F,-,-,-,-,-,-,-,-,-,-,-,-,-,-,-,-,-,-,-,-,-,-,-,NOT_REPORTED
OPENJPA-614,-,IA,A,A,A,OA,F,-,-,-,-,-,-,-,-,-,-,-,-,-,-,-,-,-,-,-,-,-,-,-,NOT_REPORTED
OPENJPA-617,-,IA,A,A,A,OA,F,-,-,-,-,-,-,-,-,-,-,-,-,-,-,-,-,-,-,-,-,-,-,-,NOT_REPORTED
OPENJPA-619,-,-,-,-,-,IA,OA,F,-,-,-,-,-,-,-,-,-,-,-,-,-,-,-,-,-,-,-,-,-,-,AVS_NOT_CONSISTENT
OPENJPA-622,-,IA,A,A,A,OA,F,-,-,-,-,-,-,-,-,-,-,-,-,-,-,-,-,-,-,-,-,-,-,-,AV_AFTER_FV*FV_AS_AV
OPENJPA-625,-,-,-,-,-,IOA,F,-,-,-,-,-,-,-,-,-,-,-,-,-,-,-,-,-,-,-,-,-,-,-,OK
OPENJPA-628,-,-,-,-,-,IA,OA,F,-,-,-,-,-,-,-,-,-,-,-,-,-,-,-,-,-,-,-,-,-,-,AVS_NOT_CONSISTENT
OPENJPA-629,-,IA,A,A,A,OA,F,-,-,-,-,-,-,-,-,-,-,-,-,-,-,-,-,-,-,-,-,-,-,-,IV_AFTER_OV*AV_AFTER_FV
OPENJPA-630,-,-,-,-,IA,OA,F,-,-,-,-,-,-,-,-,-,-,-,-,-,-,-,-,-,-,-,-,-,-,-,OK
OPENJPA-632,-,-,-,IA,A,OA,F,-,-,-,-,-,-,-,-,-,-,-,-,-,-,-,-,-,-,-,-,-,-,-,AVS_NOT_CONSISTENT
OPENJPA-634,-,IA,A,A,A,OA,F,-,-,-,-,-,-,-,-,-,-,-,-,-,-,-,-,-,-,-,-,-,-,-,IV_AFTER_OV*AV_AFTER_FV
OPENJPA-642,-,IA,A,A,A,OA,F,-,-,-,-,-,-,-,-,-,-,-,-,-,-,-,-,-,-,-,-,-,-,-,NOT_REPORTED
OPENJPA-644,-,IA,A,A,A,OA,F,-,-,-,-,-,-,-,-,-,-,-,-,-,-,-,-,-,-,-,-,-,-,-,IV_AFTER_OV*AV_AFTER_FV
OPENJPA-645,-,IA,A,A,A,OA,F,-,-,-,-,-,-,-,-,-,-,-,-,-,-,-,-,-,-,-,-,-,-,-,FV_AS_AV
OPENJPA-647,-,-,-,-,-,IOA,F,-,-,-,-,-,-,-,-,-,-,-,-,-,-,-,-,-,-,-,-,-,-,-,OK
OPENJPA-650,-,-,-,-,IA,A,OA,A,F,-,-,-,-,-,-,-,-,-,-,-,-,-,-,-,-,-,-,-,-,-,OK
OPENJPA-653,-,IA,A,A,A,OA,F,-,-,-,-,-,-,-,-,-,-,-,-,-,-,-,-,-,-,-,-,-,-,-,IV_AFTER_OV*AV_AFTER_FV
OPENJPA-656,-,IA,A,A,A,OA,F,-,-,-,-,-,-,-,-,-,-,-,-,-,-,-,-,-,-,-,-,-,-,-,IV_AFTER_OV*AV_AFTER_FV
OPENJPA-657,-,IA,A,A,A,OA,F,-,-,-,-,-,-,-,-,-,-,-,-,-,-,-,-,-,-,-,-,-,-,-,NOT_REPORTED
OPENJPA-659,-,-,-,-,-,IOA,F,-,-,-,-,-,-,-,-,-,-,-,-,-,-,-,-,-,-,-,-,-,-,-,OK
OPENJPA-660,-,-,IA,A,A,A,OA,F,-,-,-,-,-,-,-,-,-,-,-,-,-,-,-,-,-,-,-,-,-,-,AV_AFTER_FV*FV_AS_AV
OPENJPA-662,-,-,IA,A,A,A,OA,F,-,-,-,-,-,-,-,-,-,-,-,-,-,-,-,-,-,-,-,-,-,-,NOT_REPORTED
OPENJPA-664,-,-,IA,A,A,A,OA,F,-,-,-,-,-,-,-,-,-,-,-,-,-,-,-,-,-,-,-,-,-,-,NOT_REPORTED
OPENJPA-665,-,-,IA,A,A,A,OA,F,-,-,-,-,-,-,-,-,-,-,-,-,-,-,-,-,-,-,-,-,-,-,NOT_REPORTED
OPENJPA-669,IA,A,A,A,A,A,OA,F,-,-,-,-,-,-,-,-,-,-,-,-,-,-,-,-,-,-,-,-,-,-,OK
OPENJPA-670,IA,A,A,A,A,A,OA,F,-,-,-,-,-,-,-,-,-,-,-,-,-,-,-,-,-,-,-,-,-,-,FV_AS_AV*AVS_NOT_CONSISTENT
OPENJPA-674,-,-,IA,A,A,A,OA,F,-,-,-,-,-,-,-,-,-,-,-,-,-,-,-,-,-,-,-,-,-,-,NOT_REPORTED
OPENJPA-676,IA,A,A,A,A,A,A,OA,F,-,-,-,-,-,-,-,-,-,-,-,-,-,-,-,-,-,-,-,-,-,AVS_NOT_CONSISTENT
OPENJPA-677,IA,A,A,A,A,A,A,OA,A,A,A,A,A,A,A,A,F,-,-,-,-,-,-,-,-,-,-,-,-,-,AVS_NOT_CONSISTENT
OPENJPA-678,-,-,-,-,-,IA,A,OA,F,-,-,-,-,-,-,-,-,-,-,-,-,-,-,-,-,-,-,-,-,-,AVS_NOT_CONSISTENT
OPENJPA-679,IA,A,A,A,A,A,A,OA,A,F,-,-,-,-,-,-,-,-,-,-,-,-,-,-,-,-,-,-,-,-,NOT_REPORTED
OPENJPA-680,IA,A,A,A,A,A,A,OA,A,A,A,F,-,-,-,-,-,-,-,-,-,-,-,-,-,-,-,-,-,-,AVS_NOT_CONSISTENT
OPENJPA-692,-,-,-,IA,A,A,A,OA,F,-,-,-,-,-,-,-,-,-,-,-,-,-,-,-,-,-,-,-,-,-,NOT_REPORTED
OPENJPA-693,-,-,-,IA,A,A,A,OA,F,-,-,-,-,-,-,-,-,-,-,-,-,-,-,-,-,-,-,-,-,-,NOT_REPORTED
OPENJPA-695,-,-,-,-,-,-,-,IOA,F,-,-,-,-,-,-,-,-,-,-,-,-,-,-,-,-,-,-,-,-,-,OK
OPENJPA-696,-,-,IA,A,A,A,A,A,OA,A,A,A,A,A,A,A,A,A,A,A,F,-,-,-,-,-,-,-,-,-,AVS_NOT_CONSISTENT
OPENJPA-697,-,-,-,-,IA,A,A,A,OA,F,-,-,-,-,-,-,-,-,-,-,-,-,-,-,-,-,-,-,-,-,IV_AFTER_OV*AV_AFTER_FV
OPENJPA-698,-,-,-,IA,A,A,A,OA,F,-,-,-,-,-,-,-,-,-,-,-,-,-,-,-,-,-,-,-,-,-,NOT_REPORTED
OPENJPA-699,-,-,IA,A,A,A,A,OA,F,-,-,-,-,-,-,-,-,-,-,-,-,-,-,-,-,-,-,-,-,-,AVS_NOT_CONSISTENT
OPENJPA-700,IA,A,A,A,A,A,A,OA,F,-,-,-,-,-,-,-,-,-,-,-,-,-,-,-,-,-,-,-,-,-,AVS_NOT_CONSISTENT
OPENJPA-705,-,-,-,IA,A,A,A,OA,F,-,-,-,-,-,-,-,-,-,-,-,-,-,-,-,-,-,-,-,-,-,NOT_REPORTED
OPENJPA-710,IA,A,A,A,A,A,A,OA,F,-,-,-,-,-,-,-,-,-,-,-,-,-,-,-,-,-,-,-,-,-,AV_AFTER_FV*FV_AS_AV*AVS_NOT_CONSISTENT
OPENJPA-711,IA,A,A,A,A,A,A,OA,F,-,-,-,-,-,-,-,-,-,-,-,-,-,-,-,-,-,-,-,-,-,AVS_NOT_CONSISTENT
OPENJPA-712,IA,A,A,A,A,A,A,OA,F,-,-,-,-,-,-,-,-,-,-,-,-,-,-,-,-,-,-,-,-,-,FV_AS_AV*AVS_NOT_CONSISTENT
OPENJPA-713,-,-,-,-,-,-,IA,OA,F,-,-,-,-,-,-,-,-,-,-,-,-,-,-,-,-,-,-,-,-,-,OK
OPENJPA-714,-,-,-,-,-,IA,A,A,OA,A,F,-,-,-,-,-,-,-,-,-,-,-,-,-,-,-,-,-,-,-,AVS_NOT_CONSISTENT
OPENJPA-719,IA,A,A,A,A,A,A,OA,F,-,-,-,-,-,-,-,-,-,-,-,-,-,-,-,-,-,-,-,-,-,AV_AFTER_FV*FV_AS_AV*AVS_NOT_CONSISTENT
OPENJPA-724,IA,A,A,A,A,A,A,OA,F,-,-,-,-,-,-,-,-,-,-,-,-,-,-,-,-,-,-,-,-,-,AVS_NOT_CONSISTENT
OPENJPA-727,-,-,-,IA,A,A,A,OA,F,-,-,-,-,-,-,-,-,-,-,-,-,-,-,-,-,-,-,-,-,-,NOT_REPORTED
OPENJPA-731,-,-,-,IA,A,A,A,OA,F,-,-,-,-,-,-,-,-,-,-,-,-,-,-,-,-,-,-,-,-,-,FV_AS_AV
OPENJPA-732,IA,A,A,A,A,A,A,OA,F,-,-,-,-,-,-,-,-,-,-,-,-,-,-,-,-,-,-,-,-,-,FV_AS_AV*AVS_NOT_CONSISTENT
OPENJPA-733,-,-,-,-,-,-,-,IOA,F,-,-,-,-,-,-,-,-,-,-,-,-,-,-,-,-,-,-,-,-,-,OK
OPENJPA-740,IA,A,A,A,A,A,A,A,OA,A,A,F,-,-,-,-,-,-,-,-,-,-,-,-,-,-,-,-,-,-,AVS_NOT_CONSISTENT
OPENJPA-745,-,-,-,-,-,-,-,IOA,F,-,-,-,-,-,-,-,-,-,-,-,-,-,-,-,-,-,-,-,-,-,OK
OPENJPA-750,IA,A,A,A,A,A,A,OA,F,-,-,-,-,-,-,-,-,-,-,-,-,-,-,-,-,-,-,-,-,-,AVS_NOT_CONSISTENT
OPENJPA-751,IA,A,A,A,A,A,A,OA,F,-,-,-,-,-,-,-,-,-,-,-,-,-,-,-,-,-,-,-,-,-,AVS_NOT_CONSISTENT
OPENJPA-755,-,-,-,IA,A,A,A,OA,F,-,-,-,-,-,-,-,-,-,-,-,-,-,-,-,-,-,-,-,-,-,NOT_REPORTED
OPENJPA-761,IA,A,A,A,A,A,A,OA,F,-,-,-,-,-,-,-,-,-,-,-,-,-,-,-,-,-,-,-,-,-,AV_AFTER_FV*FV_AS_AV*AVS_NOT_CONSISTENT
OPENJPA-762,-,-,-,-,-,-,-,IOA,F,-,-,-,-,-,-,-,-,-,-,-,-,-,-,-,-,-,-,-,-,-,OK
OPENJPA-764,-,-,-,IA,A,A,A,OA,F,-,-,-,-,-,-,-,-,-,-,-,-,-,-,-,-,-,-,-,-,-,NOT_REPORTED
OPENJPA-777,IA,A,A,A,A,A,A,OA,F,-,-,-,-,-,-,-,-,-,-,-,-,-,-,-,-,-,-,-,-,-,FV_AS_AV*AVS_NOT_CONSISTENT
OPENJPA-792,IA,A,A,A,A,A,A,OA,F,-,-,-,-,-,-,-,-,-,-,-,-,-,-,-,-,-,-,-,-,-,AVS_NOT_CONSISTENT
OPENJPA-794,IA,A,A,A,A,A,A,OA,F,-,-,-,-,-,-,-,-,-,-,-,-,-,-,-,-,-,-,-,-,-,AVS_NOT_CONSISTENT
OPENJPA-795,-,-,-,-,-,-,-,IOA,F,-,-,-,-,-,-,-,-,-,-,-,-,-,-,-,-,-,-,-,-,-,OK
OPENJPA-798,IA,A,A,A,A,A,A,OA,F,-,-,-,-,-,-,-,-,-,-,-,-,-,-,-,-,-,-,-,-,-,AVS_NOT_CONSISTENT
OPENJPA-799,IA,A,A,A,A,A,A,OA,F,-,-,-,-,-,-,-,-,-,-,-,-,-,-,-,-,-,-,-,-,-,AVS_NOT_CONSISTENT
OPENJPA-801,IA,A,A,A,A,A,A,OA,F,-,-,-,-,-,-,-,-,-,-,-,-,-,-,-,-,-,-,-,-,-,AVS_NOT_CONSISTENT
OPENJPA-811,IA,A,A,A,A,A,A,OA,F,-,-,-,-,-,-,-,-,-,-,-,-,-,-,-,-,-,-,-,-,-,AVS_NOT_CONSISTENT
OPENJPA-812,IA,A,A,A,A,A,A,OA,F,-,-,-,-,-,-,-,-,-,-,-,-,-,-,-,-,-,-,-,-,-,AVS_NOT_CONSISTENT
OPENJPA-815,-,-,-,IA,A,A,A,OA,F,-,-,-,-,-,-,-,-,-,-,-,-,-,-,-,-,-,-,-,-,-,NOT_REPORTED
OPENJPA-818,IA,A,A,A,A,A,A,OA,F,-,-,-,-,-,-,-,-,-,-,-,-,-,-,-,-,-,-,-,-,-,AVS_NOT_CONSISTENT
OPENJPA-819,IA,A,A,A,A,A,A,OA,F,-,-,-,-,-,-,-,-,-,-,-,-,-,-,-,-,-,-,-,-,-,AVS_NOT_CONSISTENT
OPENJPA-820,IA,A,A,A,A,A,A,A,OA,A,A,F,-,-,-,-,-,-,-,-,-,-,-,-,-,-,-,-,-,-,AVS_NOT_CONSISTENT
OPENJPA-821,IA,A,A,A,A,A,A,OA,F,-,-,-,-,-,-,-,-,-,-,-,-,-,-,-,-,-,-,-,-,-,AVS_NOT_CONSISTENT
OPENJPA-824,-,-,-,IA,A,A,A,OA,F,-,-,-,-,-,-,-,-,-,-,-,-,-,-,-,-,-,-,-,-,-,NOT_REPORTED
OPENJPA-825,IA,A,A,A,A,A,A,A,OA,F,-,-,-,-,-,-,-,-,-,-,-,-,-,-,-,-,-,-,-,-,AVS_NOT_CONSISTENT
OPENJPA-828,IA,A,A,A,A,A,A,A,OA,A,A,A,A,A,A,A,A,A,F,-,-,-,-,-,-,-,-,-,-,-,NOT_REPORTED
OPENJPA-834,IA,A,A,A,A,A,A,OA,F,-,-,-,-,-,-,-,-,-,-,-,-,-,-,-,-,-,-,-,-,-,AVS_NOT_CONSISTENT
OPENJPA-835,IA,A,A,A,A,A,A,OA,F,-,-,-,-,-,-,-,-,-,-,-,-,-,-,-,-,-,-,-,-,-,FV_AS_AV*AVS_NOT_CONSISTENT
OPENJPA-836,IA,A,A,A,A,A,A,OA,F,-,-,-,-,-,-,-,-,-,-,-,-,-,-,-,-,-,-,-,-,-,AVS_NOT_CONSISTENT
OPENJPA-838,-,-,-,-,-,-,-,IOA,F,-,-,-,-,-,-,-,-,-,-,-,-,-,-,-,-,-,-,-,-,-,OK
OPENJPA-843,IA,A,A,A,A,A,A,OA,F,-,-,-,-,-,-,-,-,-,-,-,-,-,-,-,-,-,-,-,-,-,AVS_NOT_CONSISTENT
OPENJPA-845,-,-,-,IA,A,A,A,OA,F,-,-,-,-,-,-,-,-,-,-,-,-,-,-,-,-,-,-,-,-,-,NOT_REPORTED
OPENJPA-847,IA,A,A,A,A,A,A,A,OA,F,-,-,-,-,-,-,-,-,-,-,-,-,-,-,-,-,-,-,-,-,AVS_NOT_CONSISTENT
OPENJPA-853,-,-,-,-,-,-,-,IOA,F,-,-,-,-,-,-,-,-,-,-,-,-,-,-,-,-,-,-,-,-,-,OK
OPENJPA-859,IA,A,A,A,A,A,A,A,OA,A,F,-,-,-,-,-,-,-,-,-,-,-,-,-,-,-,-,-,-,-,AVS_NOT_CONSISTENT
OPENJPA-860,-,-,-,-,-,-,-,IOA,F,-,-,-,-,-,-,-,-,-,-,-,-,-,-,-,-,-,-,-,-,-,OK
OPENJPA-863,IA,A,A,A,A,A,A,OA,F,-,-,-,-,-,-,-,-,-,-,-,-,-,-,-,-,-,-,-,-,-,AVS_NOT_CONSISTENT
OPENJPA-864,-,-,-,-,-,-,IA,OA,F,-,-,-,-,-,-,-,-,-,-,-,-,-,-,-,-,-,-,-,-,-,OK
OPENJPA-866,IA,A,A,A,A,A,A,OA,F,-,-,-,-,-,-,-,-,-,-,-,-,-,-,-,-,-,-,-,-,-,AVS_NOT_CONSISTENT
OPENJPA-867,IA,A,A,A,A,A,A,A,OA,A,A,A,A,A,A,A,F,-,-,-,-,-,-,-,-,-,-,-,-,-,AVS_NOT_CONSISTENT
OPENJPA-873,-,-,-,-,-,-,-,IOA,F,-,-,-,-,-,-,-,-,-,-,-,-,-,-,-,-,-,-,-,-,-,OK
OPENJPA-883,IA,A,A,A,A,A,A,A,OA,F,-,-,-,-,-,-,-,-,-,-,-,-,-,-,-,-,-,-,-,-,AVS_NOT_CONSISTENT
OPENJPA-884,IA,A,A,A,A,A,A,OA,F,-,-,-,-,-,-,-,-,-,-,-,-,-,-,-,-,-,-,-,-,-,FV_AS_AV*AVS_NOT_CONSISTENT
OPENJPA-887,IA,A,A,A,A,A,A,A,OA,F,-,-,-,-,-,-,-,-,-,-,-,-,-,-,-,-,-,-,-,-,AVS_NOT_CONSISTENT
OPENJPA-890,IA,A,A,A,A,A,A,A,OA,F,-,-,-,-,-,-,-,-,-,-,-,-,-,-,-,-,-,-,-,-,AVS_NOT_CONSISTENT
OPENJPA-898,-,-,-,-,-,-,-,IOA,F,-,-,-,-,-,-,-,-,-,-,-,-,-,-,-,-,-,-,-,-,-,OK
OPENJPA-912,IA,A,A,A,A,A,A,OA,F,-,-,-,-,-,-,-,-,-,-,-,-,-,-,-,-,-,-,-,-,-,FV_AS_AV*AVS_NOT_CONSISTENT
OPENJPA-916,IA,A,A,A,A,A,A,OA,F,-,-,-,-,-,-,-,-,-,-,-,-,-,-,-,-,-,-,-,-,-,AVS_NOT_CONSISTENT
OPENJPA-917,-,-,-,-,-,-,-,IOA,F,-,-,-,-,-,-,-,-,-,-,-,-,-,-,-,-,-,-,-,-,-,OK
OPENJPA-922,IA,A,A,A,A,A,A,A,OA,A,A,A,A,A,A,A,A,A,A,A,A,A,F,-,-,-,-,-,-,-,AVS_NOT_CONSISTENT
OPENJPA-925,IA,A,A,A,A,A,A,OA,F,-,-,-,-,-,-,-,-,-,-,-,-,-,-,-,-,-,-,-,-,-,FV_AS_AV*AVS_NOT_CONSISTENT
OPENJPA-927,IA,A,A,A,A,A,A,OA,F,-,-,-,-,-,-,-,-,-,-,-,-,-,-,-,-,-,-,-,-,-,AVS_NOT_CONSISTENT
OPENJPA-932,IA,A,A,A,A,A,A,A,OA,F,-,-,-,-,-,-,-,-,-,-,-,-,-,-,-,-,-,-,-,-,AVS_NOT_CONSISTENT
OPENJPA-933,IA,A,A,A,A,A,A,A,OA,F,-,-,-,-,-,-,-,-,-,-,-,-,-,-,-,-,-,-,-,-,AVS_NOT_CONSISTENT
OPENJPA-934,IA,A,A,A,A,A,A,A,OA,F,-,-,-,-,-,-,-,-,-,-,-,-,-,-,-,-,-,-,-,-,AVS_NOT_CONSISTENT
OPENJPA-935,-,-,-,-,-,-,-,IA,OA,A,A,F,-,-,-,-,-,-,-,-,-,-,-,-,-,-,-,-,-,-,AVS_NOT_CONSISTENT
OPENJPA-940,IA,A,A,A,A,A,A,A,OA,A,A,A,A,A,F,-,-,-,-,-,-,-,-,-,-,-,-,-,-,-,AVS_NOT_CONSISTENT
OPENJPA-944,-,-,IA,A,A,A,A,A,OA,A,A,F,-,-,-,-,-,-,-,-,-,-,-,-,-,-,-,-,-,-,AVS_NOT_CONSISTENT
OPENJPA-955,-,-,-,-,-,-,-,IOA,F,-,-,-,-,-,-,-,-,-,-,-,-,-,-,-,-,-,-,-,-,-,OK
OPENJPA-965,IA,A,A,A,A,A,A,OA,F,-,-,-,-,-,-,-,-,-,-,-,-,-,-,-,-,-,-,-,-,-,AVS_NOT_CONSISTENT
OPENJPA-973,-,-,-,-,IA,A,A,A,OA,F,-,-,-,-,-,-,-,-,-,-,-,-,-,-,-,-,-,-,-,-,NOT_REPORTED
OPENJPA-981,-,-,-,-,IA,A,A,A,OA,F,-,-,-,-,-,-,-,-,-,-,-,-,-,-,-,-,-,-,-,-,NOT_REPORTED
OPENJPA-992,IA,A,A,A,A,A,A,A,OA,F,-,-,-,-,-,-,-,-,-,-,-,-,-,-,-,-,-,-,-,-,AV_AFTER_FV*AVS_NOT_CONSISTENT
OPENJPA-993,-,-,-,-,-,-,-,IA,A,OA,F,-,-,-,-,-,-,-,-,-,-,-,-,-,-,-,-,-,-,-,AVS_NOT_CONSISTENT
OPENJPA-999,IA,A,A,A,A,A,A,A,OA,F,-,-,-,-,-,-,-,-,-,-,-,-,-,-,-,-,-,-,-,-,AVS_NOT_CONSISTENT
OPENJPA-1001,-,-,-,-,-,-,-,-,IA,OA,A,F,-,-,-,-,-,-,-,-,-,-,-,-,-,-,-,-,-,-,AVS_NOT_CONSISTENT
OPENJPA-1002,IA,A,A,A,A,A,A,A,OA,F,-,-,-,-,-,-,-,-,-,-,-,-,-,-,-,-,-,-,-,-,AVS_NOT_CONSISTENT
OPENJPA-1004,IA,A,A,A,A,A,A,A,OA,F,-,-,-,-,-,-,-,-,-,-,-,-,-,-,-,-,-,-,-,-,AV_AFTER_FV*AVS_NOT_CONSISTENT
OPENJPA-1020,IA,A,A,A,A,A,A,A,A,OA,A,F,-,-,-,-,-,-,-,-,-,-,-,-,-,-,-,-,-,-,AVS_NOT_CONSISTENT
OPENJPA-1025,IA,A,A,A,A,A,A,A,OA,F,-,-,-,-,-,-,-,-,-,-,-,-,-,-,-,-,-,-,-,-,AVS_NOT_CONSISTENT
OPENJPA-1028,IA,A,A,A,A,A,A,A,OA,F,-,-,-,-,-,-,-,-,-,-,-,-,-,-,-,-,-,-,-,-,AVS_NOT_CONSISTENT
OPENJPA-1029,IA,A,A,A,A,A,A,A,OA,F,-,-,-,-,-,-,-,-,-,-,-,-,-,-,-,-,-,-,-,-,AVS_NOT_CONSISTENT
OPENJPA-1031,-,-,-,-,IA,A,A,A,OA,F,-,-,-,-,-,-,-,-,-,-,-,-,-,-,-,-,-,-,-,-,NOT_REPORTED
OPENJPA-1039,-,-,-,-,IA,A,A,A,OA,F,-,-,-,-,-,-,-,-,-,-,-,-,-,-,-,-,-,-,-,-,NOT_REPORTED
OPENJPA-1041,IA,A,A,A,A,A,A,A,OA,F,-,-,-,-,-,-,-,-,-,-,-,-,-,-,-,-,-,-,-,-,AVS_NOT_CONSISTENT
OPENJPA-1049,IA,A,A,A,A,A,A,A,OA,F,-,-,-,-,-,-,-,-,-,-,-,-,-,-,-,-,-,-,-,-,AVS_NOT_CONSISTENT
OPENJPA-1051,IA,A,A,A,A,A,A,A,OA,F,-,-,-,-,-,-,-,-,-,-,-,-,-,-,-,-,-,-,-,-,AVS_NOT_CONSISTENT
OPENJPA-1053,IA,A,A,A,A,A,A,A,OA,F,-,-,-,-,-,-,-,-,-,-,-,-,-,-,-,-,-,-,-,-,AVS_NOT_CONSISTENT
OPENJPA-1054,-,-,-,-,IA,A,A,A,OA,F,-,-,-,-,-,-,-,-,-,-,-,-,-,-,-,-,-,-,-,-,NOT_REPORTED
OPENJPA-1060,IA,A,A,A,A,A,A,A,OA,F,-,-,-,-,-,-,-,-,-,-,-,-,-,-,-,-,-,-,-,-,AVS_NOT_CONSISTENT
OPENJPA-1061,-,-,-,-,-,-,-,IA,OA,F,-,-,-,-,-,-,-,-,-,-,-,-,-,-,-,-,-,-,-,-,OK
OPENJPA-1070,IA,A,A,A,A,A,A,A,OA,F,-,-,-,-,-,-,-,-,-,-,-,-,-,-,-,-,-,-,-,-,AVS_NOT_CONSISTENT
OPENJPA-1072,IA,A,A,A,A,A,A,A,OA,F,-,-,-,-,-,-,-,-,-,-,-,-,-,-,-,-,-,-,-,-,AVS_NOT_CONSISTENT
OPENJPA-1074,IA,A,A,A,A,A,A,A,A,OA,A,F,-,-,-,-,-,-,-,-,-,-,-,-,-,-,-,-,-,-,AVS_NOT_CONSISTENT
OPENJPA-1088,IA,A,A,A,A,A,A,A,OA,F,-,-,-,-,-,-,-,-,-,-,-,-,-,-,-,-,-,-,-,-,AVS_NOT_CONSISTENT
OPENJPA-1091,IA,A,A,A,A,A,A,A,A,OA,A,F,-,-,-,-,-,-,-,-,-,-,-,-,-,-,-,-,-,-,AVS_NOT_CONSISTENT
OPENJPA-1097,IA,A,A,A,A,A,A,A,A,OA,A,F,-,-,-,-,-,-,-,-,-,-,-,-,-,-,-,-,-,-,AVS_NOT_CONSISTENT
OPENJPA-1100,IA,A,A,A,A,A,A,A,OA,F,-,-,-,-,-,-,-,-,-,-,-,-,-,-,-,-,-,-,-,-,AVS_NOT_CONSISTENT
OPENJPA-1116,IA,A,A,A,A,A,A,A,OA,F,-,-,-,-,-,-,-,-,-,-,-,-,-,-,-,-,-,-,-,-,AVS_NOT_CONSISTENT
OPENJPA-1117,-,-,-,-,IA,A,A,A,OA,F,-,-,-,-,-,-,-,-,-,-,-,-,-,-,-,-,-,-,-,-,IV_AFTER_OV*AV_AFTER_FV
OPENJPA-1119,-,-,-,-,IA,A,A,A,OA,F,-,-,-,-,-,-,-,-,-,-,-,-,-,-,-,-,-,-,-,-,IV_AFTER_OV*AV_AFTER_FV
OPENJPA-1120,IA,A,A,A,A,A,A,A,OA,F,-,-,-,-,-,-,-,-,-,-,-,-,-,-,-,-,-,-,-,-,AV_AFTER_FV*AVS_NOT_CONSISTENT
OPENJPA-1121,-,-,-,-,-,-,-,-,IA,OA,A,F,-,-,-,-,-,-,-,-,-,-,-,-,-,-,-,-,-,-,AVS_NOT_CONSISTENT
OPENJPA-1125,-,-,-,-,IA,A,A,A,OA,F,-,-,-,-,-,-,-,-,-,-,-,-,-,-,-,-,-,-,-,-,IV_AFTER_OV*AV_AFTER_FV
OPENJPA-1127,-,-,-,-,IA,A,A,A,OA,F,-,-,-,-,-,-,-,-,-,-,-,-,-,-,-,-,-,-,-,-,AV_AFTER_FV
OPENJPA-1129,-,-,-,-,-,IA,A,A,A,OA,F,-,-,-,-,-,-,-,-,-,-,-,-,-,-,-,-,-,-,-,IV_AFTER_OV*AV_AFTER_FV
OPENJPA-1132,IA,A,A,A,A,A,A,A,OA,F,-,-,-,-,-,-,-,-,-,-,-,-,-,-,-,-,-,-,-,-,AV_AFTER_FV*AVS_NOT_CONSISTENT
OPENJPA-1133,-,-,-,-,IA,A,A,A,OA,F,-,-,-,-,-,-,-,-,-,-,-,-,-,-,-,-,-,-,-,-,IV_AFTER_OV*AV_AFTER_FV
OPENJPA-1135,-,-,-,-,IA,A,A,A,OA,F,-,-,-,-,-,-,-,-,-,-,-,-,-,-,-,-,-,-,-,-,IV_AFTER_OV*AV_AFTER_FV
OPENJPA-1139,-,-,-,-,IA,A,A,A,OA,F,-,-,-,-,-,-,-,-,-,-,-,-,-,-,-,-,-,-,-,-,IV_AFTER_OV*AV_AFTER_FV
OPENJPA-1141,-,-,-,-,-,-,-,IA,A,OA,F,-,-,-,-,-,-,-,-,-,-,-,-,-,-,-,-,-,-,-,AVS_NOT_CONSISTENT
OPENJPA-1142,-,IA,A,A,A,A,A,A,A,OA,A,F,-,-,-,-,-,-,-,-,-,-,-,-,-,-,-,-,-,-,AVS_NOT_CONSISTENT
OPENJPA-1155,-,IA,A,A,A,A,A,A,A,OA,A,F,-,-,-,-,-,-,-,-,-,-,-,-,-,-,-,-,-,-,IV_AFTER_OV*FV_AS_AV
OPENJPA-1156,IA,A,A,A,A,A,A,A,OA,F,-,-,-,-,-,-,-,-,-,-,-,-,-,-,-,-,-,-,-,-,AV_AFTER_FV*AVS_NOT_CONSISTENT
OPENJPA-1158,-,-,-,-,IA,A,A,A,OA,F,-,-,-,-,-,-,-,-,-,-,-,-,-,-,-,-,-,-,-,-,IV_AFTER_OV*AV_AFTER_FV
OPENJPA-1163,-,-,-,-,IA,A,A,A,OA,F,-,-,-,-,-,-,-,-,-,-,-,-,-,-,-,-,-,-,-,-,NOT_REPORTED
OPENJPA-1165,IA,A,A,A,A,A,A,A,A,OA,F,-,-,-,-,-,-,-,-,-,-,-,-,-,-,-,-,-,-,-,AVS_NOT_CONSISTENT
OPENJPA-1168,-,-,-,-,IA,A,A,A,OA,F,-,-,-,-,-,-,-,-,-,-,-,-,-,-,-,-,-,-,-,-,NOT_REPORTED
OPENJPA-1174,-,-,-,-,IA,A,A,A,OA,F,-,-,-,-,-,-,-,-,-,-,-,-,-,-,-,-,-,-,-,-,IV_AFTER_OV*AV_AFTER_FV
OPENJPA-1184,-,-,-,-,-,-,-,-,IOA,F,-,-,-,-,-,-,-,-,-,-,-,-,-,-,-,-,-,-,-,-,OK
OPENJPA-1185,-,IA,A,A,A,A,A,A,A,OA,A,F,-,-,-,-,-,-,-,-,-,-,-,-,-,-,-,-,-,-,AVS_NOT_CONSISTENT
OPENJPA-1189,IA,A,A,A,A,A,A,A,A,OA,A,F,-,-,-,-,-,-,-,-,-,-,-,-,-,-,-,-,-,-,AVS_NOT_CONSISTENT
OPENJPA-1197,-,-,-,-,-,-,IA,A,OA,F,-,-,-,-,-,-,-,-,-,-,-,-,-,-,-,-,-,-,-,-,AVS_NOT_CONSISTENT
OPENJPA-1200,IA,A,A,A,A,A,A,A,OA,F,-,-,-,-,-,-,-,-,-,-,-,-,-,-,-,-,-,-,-,-,AVS_NOT_CONSISTENT
OPENJPA-1201,-,-,-,-,-,-,-,IA,OA,F,-,-,-,-,-,-,-,-,-,-,-,-,-,-,-,-,-,-,-,-,OK
OPENJPA-1203,-,-,-,-,IA,A,A,A,OA,F,-,-,-,-,-,-,-,-,-,-,-,-,-,-,-,-,-,-,-,-,IV_AFTER_OV*AV_AFTER_FV
OPENJPA-1204,-,-,-,-,IA,A,A,A,OA,F,-,-,-,-,-,-,-,-,-,-,-,-,-,-,-,-,-,-,-,-,NOT_REPORTED
OPENJPA-1205,-,-,-,-,-,-,-,-,IA,OA,A,F,-,-,-,-,-,-,-,-,-,-,-,-,-,-,-,-,-,-,AVS_NOT_CONSISTENT
OPENJPA-1211,IA,A,A,A,A,A,A,A,OA,F,-,-,-,-,-,-,-,-,-,-,-,-,-,-,-,-,-,-,-,-,AVS_NOT_CONSISTENT
OPENJPA-1218,IA,A,A,A,A,A,A,A,OA,F,-,-,-,-,-,-,-,-,-,-,-,-,-,-,-,-,-,-,-,-,AV_AFTER_FV*AVS_NOT_CONSISTENT
OPENJPA-1224,-,-,-,-,-,-,-,-,IA,OA,F,-,-,-,-,-,-,-,-,-,-,-,-,-,-,-,-,-,-,-,AVS_NOT_CONSISTENT
OPENJPA-1226,IA,A,A,A,A,A,A,A,A,OA,A,A,A,A,A,A,A,A,F,-,-,-,-,-,-,-,-,-,-,-,NOT_REPORTED
OPENJPA-1227,-,-,-,-,-,-,-,-,IOA,F,-,-,-,-,-,-,-,-,-,-,-,-,-,-,-,-,-,-,-,-,OK
OPENJPA-1230,-,-,-,-,IA,A,A,A,OA,F,-,-,-,-,-,-,-,-,-,-,-,-,-,-,-,-,-,-,-,-,IV_AFTER_OV*FV_AS_AV
OPENJPA-1232,IA,A,A,A,A,A,A,A,OA,F,-,-,-,-,-,-,-,-,-,-,-,-,-,-,-,-,-,-,-,-,AVS_NOT_CONSISTENT
OPENJPA-1234,-,IA,A,A,A,A,A,A,A,OA,A,F,-,-,-,-,-,-,-,-,-,-,-,-,-,-,-,-,-,-,NOT_REPORTED
OPENJPA-1239,-,-,-,-,IA,A,A,A,OA,F,-,-,-,-,-,-,-,-,-,-,-,-,-,-,-,-,-,-,-,-,IV_AFTER_OV*FV_AS_AV
OPENJPA-1242,IA,A,A,A,A,A,A,A,OA,F,-,-,-,-,-,-,-,-,-,-,-,-,-,-,-,-,-,-,-,-,AVS_NOT_CONSISTENT
OPENJPA-1243,-,-,-,-,IA,A,A,A,OA,F,-,-,-,-,-,-,-,-,-,-,-,-,-,-,-,-,-,-,-,-,IV_AFTER_OV*AV_AFTER_FV
OPENJPA-1244,-,-,-,-,-,-,IA,A,OA,F,-,-,-,-,-,-,-,-,-,-,-,-,-,-,-,-,-,-,-,-,AVS_NOT_CONSISTENT
OPENJPA-1248,IA,A,A,A,A,A,A,A,A,OA,A,F,-,-,-,-,-,-,-,-,-,-,-,-,-,-,-,-,-,-,AVS_NOT_CONSISTENT
OPENJPA-1250,IA,A,A,A,A,A,A,A,OA,F,-,-,-,-,-,-,-,-,-,-,-,-,-,-,-,-,-,-,-,-,AVS_NOT_CONSISTENT
OPENJPA-1253,IA,A,A,A,A,A,A,A,OA,F,-,-,-,-,-,-,-,-,-,-,-,-,-,-,-,-,-,-,-,-,FV_AS_AV*AVS_NOT_CONSISTENT
OPENJPA-1256,IA,A,A,A,A,A,A,A,OA,F,-,-,-,-,-,-,-,-,-,-,-,-,-,-,-,-,-,-,-,-,AVS_NOT_CONSISTENT
OPENJPA-1260,IA,A,A,A,A,A,A,A,OA,F,-,-,-,-,-,-,-,-,-,-,-,-,-,-,-,-,-,-,-,-,AV_AFTER_FV*AVS_NOT_CONSISTENT
OPENJPA-1269,IA,A,A,A,A,A,A,A,OA,F,-,-,-,-,-,-,-,-,-,-,-,-,-,-,-,-,-,-,-,-,AVS_NOT_CONSISTENT
OPENJPA-1279,IA,A,A,A,A,A,A,A,OA,F,-,-,-,-,-,-,-,-,-,-,-,-,-,-,-,-,-,-,-,-,AVS_NOT_CONSISTENT
OPENJPA-1281,IA,A,A,A,A,A,A,A,OA,F,-,-,-,-,-,-,-,-,-,-,-,-,-,-,-,-,-,-,-,-,AVS_NOT_CONSISTENT
OPENJPA-1283,IA,A,A,A,A,A,A,A,OA,F,-,-,-,-,-,-,-,-,-,-,-,-,-,-,-,-,-,-,-,-,AVS_NOT_CONSISTENT
OPENJPA-1284,IA,A,A,A,A,A,A,A,OA,F,-,-,-,-,-,-,-,-,-,-,-,-,-,-,-,-,-,-,-,-,FV_AS_AV*AVS_NOT_CONSISTENT
OPENJPA-1286,IA,A,A,A,A,A,A,A,OA,F,-,-,-,-,-,-,-,-,-,-,-,-,-,-,-,-,-,-,-,-,AVS_NOT_CONSISTENT
OPENJPA-1289,-,-,-,-,-,-,-,-,-,IOA,A,F,-,-,-,-,-,-,-,-,-,-,-,-,-,-,-,-,-,-,OK
OPENJPA-1293,-,IA,A,A,A,A,A,A,A,OA,A,F,-,-,-,-,-,-,-,-,-,-,-,-,-,-,-,-,-,-,AVS_NOT_CONSISTENT
OPENJPA-1294,-,-,-,-,-,-,-,-,-,IOA,F,-,-,-,-,-,-,-,-,-,-,-,-,-,-,-,-,-,-,-,OK
OPENJPA-1295,IA,A,A,A,A,A,A,A,OA,F,-,-,-,-,-,-,-,-,-,-,-,-,-,-,-,-,-,-,-,-,AVS_NOT_CONSISTENT
OPENJPA-1302,IA,A,A,A,A,A,A,A,OA,F,-,-,-,-,-,-,-,-,-,-,-,-,-,-,-,-,-,-,-,-,AVS_NOT_CONSISTENT
OPENJPA-1303,IA,A,A,A,A,A,A,A,A,OA,A,A,A,A,A,A,A,A,A,A,A,A,A,A,A,A,A,A,A,F,IV_AFTER_OV*AVS_NOT_CONSISTENT
OPENJPA-1308,IA,A,A,A,A,A,A,A,A,OA,F,-,-,-,-,-,-,-,-,-,-,-,-,-,-,-,-,-,-,-,AVS_NOT_CONSISTENT
OPENJPA-1321,-,-,-,-,-,-,-,-,IOA,F,-,-,-,-,-,-,-,-,-,-,-,-,-,-,-,-,-,-,-,-,OK
OPENJPA-1325,-,IA,A,A,A,A,A,A,A,OA,A,F,-,-,-,-,-,-,-,-,-,-,-,-,-,-,-,-,-,-,AVS_NOT_CONSISTENT
OPENJPA-1326,-,-,-,-,-,-,-,-,IA,OA,F,-,-,-,-,-,-,-,-,-,-,-,-,-,-,-,-,-,-,-,AVS_NOT_CONSISTENT
OPENJPA-1328,-,-,-,-,-,-,-,IA,A,OA,F,-,-,-,-,-,-,-,-,-,-,-,-,-,-,-,-,-,-,-,AVS_NOT_CONSISTENT
OPENJPA-1333,-,-,-,-,IA,A,A,A,OA,F,-,-,-,-,-,-,-,-,-,-,-,-,-,-,-,-,-,-,-,-,IV_AFTER_OV*FV_AS_AV
OPENJPA-1335,IA,A,A,A,A,A,A,A,A,OA,A,F,-,-,-,-,-,-,-,-,-,-,-,-,-,-,-,-,-,-,AVS_NOT_CONSISTENT
OPENJPA-1338,-,-,-,-,IA,A,A,A,OA,F,-,-,-,-,-,-,-,-,-,-,-,-,-,-,-,-,-,-,-,-,IV_AFTER_OV*AV_AFTER_FV
OPENJPA-1341,-,-,-,-,-,IA,A,A,A,OA,F,-,-,-,-,-,-,-,-,-,-,-,-,-,-,-,-,-,-,-,IV_AFTER_OV*AV_AFTER_FV
OPENJPA-1343,IA,A,A,A,A,A,A,A,A,OA,A,A,A,A,A,F,-,-,-,-,-,-,-,-,-,-,-,-,-,-,IV_AFTER_OV*AVS_NOT_CONSISTENT
OPENJPA-1344,IA,A,A,A,A,A,A,A,A,OA,F,-,-,-,-,-,-,-,-,-,-,-,-,-,-,-,-,-,-,-,AVS_NOT_CONSISTENT
OPENJPA-1349,IA,A,A,A,A,A,A,A,A,OA,F,-,-,-,-,-,-,-,-,-,-,-,-,-,-,-,-,-,-,-,AVS_NOT_CONSISTENT
OPENJPA-1350,-,-,-,-,-,-,IA,A,A,A,OA,F,-,-,-,-,-,-,-,-,-,-,-,-,-,-,-,-,-,-,AVS_NOT_CONSISTENT
OPENJPA-1351,-,-,-,-,-,-,-,-,-,IOA,F,-,-,-,-,-,-,-,-,-,-,-,-,-,-,-,-,-,-,-,OK
OPENJPA-1352,-,-,-,-,-,-,-,-,-,IOA,F,-,-,-,-,-,-,-,-,-,-,-,-,-,-,-,-,-,-,-,OK
OPENJPA-1354,-,-,-,-,-,IA,A,A,A,OA,F,-,-,-,-,-,-,-,-,-,-,-,-,-,-,-,-,-,-,-,NOT_REPORTED
OPENJPA-1355,IA,A,A,A,A,A,A,A,A,OA,F,-,-,-,-,-,-,-,-,-,-,-,-,-,-,-,-,-,-,-,AVS_NOT_CONSISTENT
OPENJPA-1360,-,-,-,-,-,-,-,-,-,-,IOA,F,-,-,-,-,-,-,-,-,-,-,-,-,-,-,-,-,-,-,OK
OPENJPA-1367,IA,A,A,A,A,A,A,A,A,A,OA,F,-,-,-,-,-,-,-,-,-,-,-,-,-,-,-,-,-,-,AVS_NOT_CONSISTENT
OPENJPA-1370,-,-,-,-,-,-,-,-,-,IOA,F,-,-,-,-,-,-,-,-,-,-,-,-,-,-,-,-,-,-,-,OK
OPENJPA-1371,-,-,-,-,-,-,-,-,-,IA,OA,F,-,-,-,-,-,-,-,-,-,-,-,-,-,-,-,-,-,-,AVS_NOT_CONSISTENT
OPENJPA-1372,-,-,-,-,-,-,-,-,IA,A,OA,A,A,A,F,-,-,-,-,-,-,-,-,-,-,-,-,-,-,-,AVS_NOT_CONSISTENT
OPENJPA-1375,IA,A,A,A,A,A,A,A,A,OA,F,-,-,-,-,-,-,-,-,-,-,-,-,-,-,-,-,-,-,-,AVS_NOT_CONSISTENT
OPENJPA-1376,-,-,-,-,-,-,-,-,IA,A,OA,A,A,A,A,F,-,-,-,-,-,-,-,-,-,-,-,-,-,-,AVS_NOT_CONSISTENT
OPENJPA-1377,-,-,-,-,-,-,-,-,-,IOA,F,-,-,-,-,-,-,-,-,-,-,-,-,-,-,-,-,-,-,-,OK
OPENJPA-1379,-,-,-,-,-,-,-,-,-,IOA,F,-,-,-,-,-,-,-,-,-,-,-,-,-,-,-,-,-,-,-,OK
OPENJPA-1380,-,-,-,-,-,-,-,-,IA,OA,F,-,-,-,-,-,-,-,-,-,-,-,-,-,-,-,-,-,-,-,AVS_NOT_CONSISTENT
OPENJPA-1381,-,-,-,-,-,-,IA,A,A,A,OA,F,-,-,-,-,-,-,-,-,-,-,-,-,-,-,-,-,-,-,IV_AFTER_OV*FV_AS_AV
OPENJPA-1383,IA,A,A,A,A,A,A,A,A,OA,F,-,-,-,-,-,-,-,-,-,-,-,-,-,-,-,-,-,-,-,AVS_NOT_CONSISTENT
OPENJPA-1384,-,-,-,-,-,-,-,-,IA,OA,F,-,-,-,-,-,-,-,-,-,-,-,-,-,-,-,-,-,-,-,AVS_NOT_CONSISTENT
OPENJPA-1385,-,-,-,-,-,-,-,-,-,IOA,F,-,-,-,-,-,-,-,-,-,-,-,-,-,-,-,-,-,-,-,OK
OPENJPA-1386,-,-,-,-,-,-,-,-,-,IOA,F,-,-,-,-,-,-,-,-,-,-,-,-,-,-,-,-,-,-,-,OK
OPENJPA-1387,-,-,-,-,-,-,-,-,-,IA,OA,A,A,A,A,A,A,A,F,-,-,-,-,-,-,-,-,-,-,-,FV_AS_AV*AVS_NOT_CONSISTENT
OPENJPA-1388,IA,A,A,A,A,A,A,A,A,OA,F,-,-,-,-,-,-,-,-,-,-,-,-,-,-,-,-,-,-,-,AVS_NOT_CONSISTENT
OPENJPA-1390,-,-,-,-,-,-,-,-,-,IOA,F,-,-,-,-,-,-,-,-,-,-,-,-,-,-,-,-,-,-,-,OK
OPENJPA-1391,-,-,-,-,-,-,-,-,-,IOA,F,-,-,-,-,-,-,-,-,-,-,-,-,-,-,-,-,-,-,-,OK
OPENJPA-1393,-,-,-,-,-,-,-,-,-,IOA,F,-,-,-,-,-,-,-,-,-,-,-,-,-,-,-,-,-,-,-,OK
OPENJPA-1394,-,-,-,-,-,-,-,-,-,IOA,F,-,-,-,-,-,-,-,-,-,-,-,-,-,-,-,-,-,-,-,OK
OPENJPA-1396,-,-,-,-,-,-,-,-,-,IOA,F,-,-,-,-,-,-,-,-,-,-,-,-,-,-,-,-,-,-,-,OK
OPENJPA-1397,-,-,-,-,-,-,-,-,IA,OA,F,-,-,-,-,-,-,-,-,-,-,-,-,-,-,-,-,-,-,-,OK
OPENJPA-1400,-,-,-,-,-,-,-,-,IA,OA,F,-,-,-,-,-,-,-,-,-,-,-,-,-,-,-,-,-,-,-,OK
OPENJPA-1401,-,-,-,-,-,-,-,-,-,IOA,F,-,-,-,-,-,-,-,-,-,-,-,-,-,-,-,-,-,-,-,OK
OPENJPA-1406,-,-,-,-,-,-,IA,A,A,A,OA,F,-,-,-,-,-,-,-,-,-,-,-,-,-,-,-,-,-,-,IV_AFTER_OV*FV_AS_AV
OPENJPA-1409,-,-,-,-,-,-,IA,A,A,A,OA,F,-,-,-,-,-,-,-,-,-,-,-,-,-,-,-,-,-,-,NOT_REPORTED
OPENJPA-1410,IA,A,A,A,A,A,A,A,A,A,OA,F,-,-,-,-,-,-,-,-,-,-,-,-,-,-,-,-,-,-,AVS_NOT_CONSISTENT
OPENJPA-1413,-,-,-,-,-,-,-,-,-,IOA,F,-,-,-,-,-,-,-,-,-,-,-,-,-,-,-,-,-,-,-,OK
OPENJPA-1421,IA,A,A,A,A,A,A,A,A,OA,F,-,-,-,-,-,-,-,-,-,-,-,-,-,-,-,-,-,-,-,FV_AS_AV*AVS_NOT_CONSISTENT
OPENJPA-1424,-,-,-,-,-,-,-,-,IA,A,OA,A,F,-,-,-,-,-,-,-,-,-,-,-,-,-,-,-,-,-,AVS_NOT_CONSISTENT
OPENJPA-1425,-,-,-,-,-,-,IA,A,A,A,OA,F,-,-,-,-,-,-,-,-,-,-,-,-,-,-,-,-,-,-,NOT_REPORTED
OPENJPA-1431,-,-,-,-,-,-,-,-,-,IOA,F,-,-,-,-,-,-,-,-,-,-,-,-,-,-,-,-,-,-,-,OK
OPENJPA-1432,-,-,-,-,-,-,-,-,-,IA,OA,F,-,-,-,-,-,-,-,-,-,-,-,-,-,-,-,-,-,-,AVS_NOT_CONSISTENT
OPENJPA-1435,-,-,-,-,-,-,-,-,-,IOA,F,-,-,-,-,-,-,-,-,-,-,-,-,-,-,-,-,-,-,-,OK
OPENJPA-1438,-,-,-,-,-,-,IA,A,A,A,OA,F,-,-,-,-,-,-,-,-,-,-,-,-,-,-,-,-,-,-,IV_AFTER_OV*FV_AS_AV
OPENJPA-1439,-,-,-,-,-,IA,A,A,A,OA,F,-,-,-,-,-,-,-,-,-,-,-,-,-,-,-,-,-,-,-,IV_AFTER_OV*AV_AFTER_FV
OPENJPA-1441,IA,A,A,A,A,A,A,A,A,OA,F,-,-,-,-,-,-,-,-,-,-,-,-,-,-,-,-,-,-,-,FV_AS_AV*AVS_NOT_CONSISTENT
OPENJPA-1442,-,-,-,-,-,-,-,-,-,IOA,F,-,-,-,-,-,-,-,-,-,-,-,-,-,-,-,-,-,-,-,OK
OPENJPA-1444,IA,A,A,A,A,A,A,A,A,A,OA,F,-,-,-,-,-,-,-,-,-,-,-,-,-,-,-,-,-,-,AVS_NOT_CONSISTENT
OPENJPA-1445,IA,A,A,A,A,A,A,A,A,A,OA,F,-,-,-,-,-,-,-,-,-,-,-,-,-,-,-,-,-,-,AVS_NOT_CONSISTENT
OPENJPA-1452,-,-,-,-,-,-,-,-,-,IOA,F,-,-,-,-,-,-,-,-,-,-,-,-,-,-,-,-,-,-,-,OK
OPENJPA-1455,-,-,-,-,-,-,IA,A,A,A,OA,F,-,-,-,-,-,-,-,-,-,-,-,-,-,-,-,-,-,-,IV_AFTER_OV*FV_AS_AV
OPENJPA-1457,IA,A,A,A,A,A,A,A,A,OA,F,-,-,-,-,-,-,-,-,-,-,-,-,-,-,-,-,-,-,-,AV_AFTER_FV*FV_AS_AV*AVS_NOT_CONSISTENT
OPENJPA-1458,-,-,-,-,-,-,-,-,-,IA,OA,F,-,-,-,-,-,-,-,-,-,-,-,-,-,-,-,-,-,-,AVS_NOT_CONSISTENT
OPENJPA-1460,IA,A,A,A,A,A,A,A,A,A,OA,F,-,-,-,-,-,-,-,-,-,-,-,-,-,-,-,-,-,-,AVS_NOT_CONSISTENT
OPENJPA-1461,-,-,-,-,-,-,-,-,-,IOA,F,-,-,-,-,-,-,-,-,-,-,-,-,-,-,-,-,-,-,-,OK
OPENJPA-1464,-,-,-,-,-,-,IA,A,A,A,OA,F,-,-,-,-,-,-,-,-,-,-,-,-,-,-,-,-,-,-,NOT_REPORTED
OPENJPA-1467,IA,A,A,A,A,A,A,A,A,A,OA,F,-,-,-,-,-,-,-,-,-,-,-,-,-,-,-,-,-,-,AVS_NOT_CONSISTENT
OPENJPA-1477,-,-,-,-,-,-,IA,A,A,A,OA,F,-,-,-,-,-,-,-,-,-,-,-,-,-,-,-,-,-,-,NOT_REPORTED
OPENJPA-1478,-,-,-,-,-,-,-,-,-,IA,OA,F,-,-,-,-,-,-,-,-,-,-,-,-,-,-,-,-,-,-,AVS_NOT_CONSISTENT
OPENJPA-1482,IA,A,A,A,A,A,A,A,A,A,OA,F,-,-,-,-,-,-,-,-,-,-,-,-,-,-,-,-,-,-,AVS_NOT_CONSISTENT
OPENJPA-1483,IA,A,A,A,A,A,A,A,A,A,OA,F,-,-,-,-,-,-,-,-,-,-,-,-,-,-,-,-,-,-,AVS_NOT_CONSISTENT
OPENJPA-1485,IA,A,A,A,A,A,A,A,A,A,OA,F,-,-,-,-,-,-,-,-,-,-,-,-,-,-,-,-,-,-,AVS_NOT_CONSISTENT
OPENJPA-1486,IA,A,A,A,A,A,A,A,A,A,OA,F,-,-,-,-,-,-,-,-,-,-,-,-,-,-,-,-,-,-,AVS_NOT_CONSISTENT
OPENJPA-1491,IA,A,A,A,A,A,A,A,A,A,OA,F,-,-,-,-,-,-,-,-,-,-,-,-,-,-,-,-,-,-,AVS_NOT_CONSISTENT
OPENJPA-1494,IA,A,A,A,A,A,A,A,A,A,OA,F,-,-,-,-,-,-,-,-,-,-,-,-,-,-,-,-,-,-,AVS_NOT_CONSISTENT
OPENJPA-1496,IA,A,A,A,A,A,A,A,A,A,OA,F,-,-,-,-,-,-,-,-,-,-,-,-,-,-,-,-,-,-,AVS_NOT_CONSISTENT
OPENJPA-1500,-,-,-,-,-,-,IA,A,A,A,OA,F,-,-,-,-,-,-,-,-,-,-,-,-,-,-,-,-,-,-,AVS_NOT_CONSISTENT
OPENJPA-1501,IA,A,A,A,A,A,A,A,A,A,A,OA,F,-,-,-,-,-,-,-,-,-,-,-,-,-,-,-,-,-,AVS_NOT_CONSISTENT
OPENJPA-1503,-,-,-,-,-,-,IA,A,A,A,OA,F,-,-,-,-,-,-,-,-,-,-,-,-,-,-,-,-,-,-,NOT_REPORTED
OPENJPA-1504,IA,A,A,A,A,A,A,A,A,A,OA,F,-,-,-,-,-,-,-,-,-,-,-,-,-,-,-,-,-,-,AVS_NOT_CONSISTENT
OPENJPA-1506,IA,A,A,A,A,A,A,A,A,A,OA,F,-,-,-,-,-,-,-,-,-,-,-,-,-,-,-,-,-,-,AVS_NOT_CONSISTENT
OPENJPA-1510,IA,A,A,A,A,A,A,A,A,A,OA,F,-,-,-,-,-,-,-,-,-,-,-,-,-,-,-,-,-,-,AVS_NOT_CONSISTENT
OPENJPA-1515,IA,A,A,A,A,A,A,A,A,A,OA,F,-,-,-,-,-,-,-,-,-,-,-,-,-,-,-,-,-,-,AVS_NOT_CONSISTENT
OPENJPA-1518,IA,A,A,A,A,A,A,A,A,A,OA,F,-,-,-,-,-,-,-,-,-,-,-,-,-,-,-,-,-,-,AVS_NOT_CONSISTENT
OPENJPA-1524,IA,A,A,A,A,A,A,A,A,A,OA,F,-,-,-,-,-,-,-,-,-,-,-,-,-,-,-,-,-,-,AVS_NOT_CONSISTENT
OPENJPA-1527,-,-,-,-,-,-,IA,A,A,A,OA,F,-,-,-,-,-,-,-,-,-,-,-,-,-,-,-,-,-,-,IV_AFTER_OV*AV_AFTER_FV
OPENJPA-1533,IA,A,A,A,A,A,A,A,A,A,OA,F,-,-,-,-,-,-,-,-,-,-,-,-,-,-,-,-,-,-,AVS_NOT_CONSISTENT
OPENJPA-1535,IA,A,A,A,A,A,A,A,A,A,OA,F,-,-,-,-,-,-,-,-,-,-,-,-,-,-,-,-,-,-,AVS_NOT_CONSISTENT
OPENJPA-1536,IA,A,A,A,A,A,A,A,A,A,OA,F,-,-,-,-,-,-,-,-,-,-,-,-,-,-,-,-,-,-,AVS_NOT_CONSISTENT
OPENJPA-1538,IA,A,A,A,A,A,A,A,A,A,OA,F,-,-,-,-,-,-,-,-,-,-,-,-,-,-,-,-,-,-,AVS_NOT_CONSISTENT
OPENJPA-1542,IA,A,A,A,A,A,A,A,A,A,OA,F,-,-,-,-,-,-,-,-,-,-,-,-,-,-,-,-,-,-,AVS_NOT_CONSISTENT
OPENJPA-1543,IA,A,A,A,A,A,A,A,A,A,OA,F,-,-,-,-,-,-,-,-,-,-,-,-,-,-,-,-,-,-,AVS_NOT_CONSISTENT
OPENJPA-1544,IA,A,A,A,A,A,A,A,A,A,OA,F,-,-,-,-,-,-,-,-,-,-,-,-,-,-,-,-,-,-,AVS_NOT_CONSISTENT
OPENJPA-1546,IA,A,A,A,A,A,A,A,A,A,OA,F,-,-,-,-,-,-,-,-,-,-,-,-,-,-,-,-,-,-,AVS_NOT_CONSISTENT
OPENJPA-1547,IA,A,A,A,A,A,A,A,A,A,OA,F,-,-,-,-,-,-,-,-,-,-,-,-,-,-,-,-,-,-,FV_AS_AV*AVS_NOT_CONSISTENT
OPENJPA-1550,IA,A,A,A,A,A,A,A,A,A,OA,F,-,-,-,-,-,-,-,-,-,-,-,-,-,-,-,-,-,-,AVS_NOT_CONSISTENT
OPENJPA-1556,IA,A,A,A,A,A,A,A,A,A,OA,F,-,-,-,-,-,-,-,-,-,-,-,-,-,-,-,-,-,-,AVS_NOT_CONSISTENT
OPENJPA-1558,IA,A,A,A,A,A,A,A,A,A,OA,F,-,-,-,-,-,-,-,-,-,-,-,-,-,-,-,-,-,-,AV_AFTER_FV*FV_AS_AV*AVS_NOT_CONSISTENT
OPENJPA-1559,-,-,-,-,-,-,IA,A,A,A,OA,F,-,-,-,-,-,-,-,-,-,-,-,-,-,-,-,-,-,-,IV_AFTER_OV*FV_AS_AV
OPENJPA-1562,IA,A,A,A,A,A,A,A,A,A,OA,F,-,-,-,-,-,-,-,-,-,-,-,-,-,-,-,-,-,-,AVS_NOT_CONSISTENT
OPENJPA-1565,IA,A,A,A,A,A,A,A,A,A,OA,F,-,-,-,-,-,-,-,-,-,-,-,-,-,-,-,-,-,-,AVS_NOT_CONSISTENT
OPENJPA-1568,-,-,-,-,-,-,IA,A,A,A,OA,F,-,-,-,-,-,-,-,-,-,-,-,-,-,-,-,-,-,-,IV_AFTER_OV*FV_AS_AV
OPENJPA-1569,IA,A,A,A,A,A,A,A,A,A,A,OA,A,A,A,A,A,A,F,-,-,-,-,-,-,-,-,-,-,-,AVS_NOT_CONSISTENT
OPENJPA-1570,IA,A,A,A,A,A,A,A,A,A,OA,F,-,-,-,-,-,-,-,-,-,-,-,-,-,-,-,-,-,-,AVS_NOT_CONSISTENT
OPENJPA-1573,IA,A,A,A,A,A,A,A,A,A,OA,F,-,-,-,-,-,-,-,-,-,-,-,-,-,-,-,-,-,-,AVS_NOT_CONSISTENT
OPENJPA-1575,IA,A,A,A,A,A,A,A,A,A,OA,F,-,-,-,-,-,-,-,-,-,-,-,-,-,-,-,-,-,-,AVS_NOT_CONSISTENT
OPENJPA-1577,IA,A,A,A,A,A,A,A,A,A,OA,F,-,-,-,-,-,-,-,-,-,-,-,-,-,-,-,-,-,-,AVS_NOT_CONSISTENT
OPENJPA-1578,IA,A,A,A,A,A,A,A,A,A,OA,F,-,-,-,-,-,-,-,-,-,-,-,-,-,-,-,-,-,-,AVS_NOT_CONSISTENT
OPENJPA-1580,IA,A,A,A,A,A,A,A,A,A,OA,F,-,-,-,-,-,-,-,-,-,-,-,-,-,-,-,-,-,-,AVS_NOT_CONSISTENT
OPENJPA-1581,-,-,-,-,-,-,IA,A,A,A,OA,F,-,-,-,-,-,-,-,-,-,-,-,-,-,-,-,-,-,-,NOT_REPORTED
OPENJPA-1583,IA,A,A,A,A,A,A,A,A,A,A,OA,A,A,A,A,A,A,F,-,-,-,-,-,-,-,-,-,-,-,NOT_REPORTED
OPENJPA-1584,-,-,-,-,-,-,-,-,-,-,-,IOA,F,-,-,-,-,-,-,-,-,-,-,-,-,-,-,-,-,-,OK
OPENJPA-1596,IA,A,A,A,A,A,A,A,A,A,OA,F,-,-,-,-,-,-,-,-,-,-,-,-,-,-,-,-,-,-,AVS_NOT_CONSISTENT
OPENJPA-1597,IA,A,A,A,A,A,A,A,A,A,OA,F,-,-,-,-,-,-,-,-,-,-,-,-,-,-,-,-,-,-,AVS_NOT_CONSISTENT
OPENJPA-1599,IA,A,A,A,A,A,A,A,A,A,OA,F,-,-,-,-,-,-,-,-,-,-,-,-,-,-,-,-,-,-,FV_AS_AV*AVS_NOT_CONSISTENT
OPENJPA-1602,-,-,-,-,-,-,IA,A,A,A,OA,F,-,-,-,-,-,-,-,-,-,-,-,-,-,-,-,-,-,-,IV_AFTER_OV*FV_AS_AV
OPENJPA-1604,-,-,-,-,-,-,IA,A,A,A,OA,F,-,-,-,-,-,-,-,-,-,-,-,-,-,-,-,-,-,-,IV_AFTER_OV*FV_AS_AV
OPENJPA-1605,IA,A,A,A,A,A,A,A,A,A,OA,F,-,-,-,-,-,-,-,-,-,-,-,-,-,-,-,-,-,-,AVS_NOT_CONSISTENT
OPENJPA-1608,-,-,-,-,-,-,IA,A,A,A,OA,F,-,-,-,-,-,-,-,-,-,-,-,-,-,-,-,-,-,-,IV_AFTER_OV*FV_AS_AV
OPENJPA-1609,-,-,-,-,-,-,IA,A,A,A,OA,F,-,-,-,-,-,-,-,-,-,-,-,-,-,-,-,-,-,-,IV_AFTER_OV*FV_AS_AV
OPENJPA-1611,-,-,-,-,-,-,IA,A,A,A,OA,F,-,-,-,-,-,-,-,-,-,-,-,-,-,-,-,-,-,-,IV_AFTER_OV*FV_AS_AV
OPENJPA-1613,IA,A,A,A,A,A,A,A,A,A,A,OA,A,A,F,-,-,-,-,-,-,-,-,-,-,-,-,-,-,-,AVS_NOT_CONSISTENT
OPENJPA-1618,IA,A,A,A,A,A,A,A,A,A,OA,F,-,-,-,-,-,-,-,-,-,-,-,-,-,-,-,-,-,-,AVS_NOT_CONSISTENT
OPENJPA-1625,-,-,-,-,-,-,IA,A,A,A,OA,F,-,-,-,-,-,-,-,-,-,-,-,-,-,-,-,-,-,-,IV_AFTER_OV*FV_AS_AV
OPENJPA-1626,-,-,-,-,-,IA,A,A,A,A,A,OA,F,-,-,-,-,-,-,-,-,-,-,-,-,-,-,-,-,-,AVS_NOT_CONSISTENT
OPENJPA-1627,IA,A,A,A,A,A,A,A,A,A,A,OA,A,A,F,-,-,-,-,-,-,-,-,-,-,-,-,-,-,-,AVS_NOT_CONSISTENT
OPENJPA-1630,IA,A,A,A,A,A,A,A,A,A,OA,F,-,-,-,-,-,-,-,-,-,-,-,-,-,-,-,-,-,-,AV_AFTER_FV*FV_AS_AV*AVS_NOT_CONSISTENT
OPENJPA-1631,IA,A,A,A,A,A,A,A,A,A,OA,F,-,-,-,-,-,-,-,-,-,-,-,-,-,-,-,-,-,-,AVS_NOT_CONSISTENT
OPENJPA-1634,-,-,-,-,-,-,-,IA,A,A,A,OA,F,-,-,-,-,-,-,-,-,-,-,-,-,-,-,-,-,-,AV_AFTER_FV
OPENJPA-1641,-,-,-,-,-,-,-,IA,A,A,A,OA,F,-,-,-,-,-,-,-,-,-,-,-,-,-,-,-,-,-,NOT_REPORTED
OPENJPA-1644,-,-,-,-,-,-,-,-,-,-,IA,A,OA,A,A,A,A,A,F,-,-,-,-,-,-,-,-,-,-,-,AVS_NOT_CONSISTENT
OPENJPA-1646,-,-,-,-,-,-,-,-,-,-,IA,OA,F,-,-,-,-,-,-,-,-,-,-,-,-,-,-,-,-,-,OK
OPENJPA-1650,IA,A,A,A,A,A,A,A,A,A,A,A,OA,A,A,A,F,-,-,-,-,-,-,-,-,-,-,-,-,-,NOT_REPORTED
OPENJPA-1657,-,-,IA,A,A,A,A,A,A,A,A,A,OA,A,A,F,-,-,-,-,-,-,-,-,-,-,-,-,-,-,NOT_REPORTED
OPENJPA-1662,-,-,-,-,-,IA,A,A,A,A,A,A,OA,A,F,-,-,-,-,-,-,-,-,-,-,-,-,-,-,-,NOT_REPORTED
OPENJPA-1665,-,-,-,-,-,-,-,-,-,-,-,IA,OA,A,A,F,-,-,-,-,-,-,-,-,-,-,-,-,-,-,AVS_NOT_CONSISTENT
OPENJPA-1667,IA,A,A,A,A,A,A,A,A,A,A,OA,F,-,-,-,-,-,-,-,-,-,-,-,-,-,-,-,-,-,AVS_NOT_CONSISTENT
OPENJPA-1668,-,-,-,-,-,-,IA,A,A,A,A,OA,F,-,-,-,-,-,-,-,-,-,-,-,-,-,-,-,-,-,AVS_NOT_CONSISTENT
OPENJPA-1670,-,-,-,-,-,-,-,-,-,-,IA,OA,F,-,-,-,-,-,-,-,-,-,-,-,-,-,-,-,-,-,OK
OPENJPA-1676,-,-,-,-,-,-,-,IA,A,A,A,OA,F,-,-,-,-,-,-,-,-,-,-,-,-,-,-,-,-,-,AV_AFTER_FV
OPENJPA-1678,-,-,-,-,-,IA,A,A,A,A,A,OA,F,-,-,-,-,-,-,-,-,-,-,-,-,-,-,-,-,-,AV_AFTER_FV*AVS_NOT_CONSISTENT
OPENJPA-1682,IA,A,A,A,A,A,A,A,A,A,A,A,OA,A,A,A,A,F,-,-,-,-,-,-,-,-,-,-,-,-,IV_AFTER_OV*AVS_NOT_CONSISTENT
OPENJPA-1683,-,-,-,-,-,IA,A,A,A,A,A,A,OA,A,F,-,-,-,-,-,-,-,-,-,-,-,-,-,-,-,NOT_REPORTED
OPENJPA-1685,-,-,-,-,-,-,-,-,-,-,-,IOA,F,-,-,-,-,-,-,-,-,-,-,-,-,-,-,-,-,-,OK
OPENJPA-1686,IA,A,A,A,A,A,A,A,A,A,A,A,OA,A,A,A,F,-,-,-,-,-,-,-,-,-,-,-,-,-,NOT_REPORTED
OPENJPA-1689,-,-,-,-,-,-,-,-,-,-,-,IOA,F,-,-,-,-,-,-,-,-,-,-,-,-,-,-,-,-,-,OK
OPENJPA-1690,-,-,-,-,-,-,-,-,-,-,-,IOA,F,-,-,-,-,-,-,-,-,-,-,-,-,-,-,-,-,-,OK
OPENJPA-1691,-,-,-,-,-,-,-,-,-,-,IA,A,OA,A,A,A,F,-,-,-,-,-,-,-,-,-,-,-,-,-,AVS_NOT_CONSISTENT
OPENJPA-1692,-,-,-,-,-,-,-,-,-,-,-,IA,OA,A,F,-,-,-,-,-,-,-,-,-,-,-,-,-,-,-,FV_AS_AV*AVS_NOT_CONSISTENT
OPENJPA-1695,-,-,-,-,-,IA,A,A,A,A,A,OA,F,-,-,-,-,-,-,-,-,-,-,-,-,-,-,-,-,-,AV_AFTER_FV*AVS_NOT_CONSISTENT
OPENJPA-1696,-,-,-,-,-,-,-,-,-,-,-,IOA,F,-,-,-,-,-,-,-,-,-,-,-,-,-,-,-,-,-,OK
OPENJPA-1697,-,-,-,-,-,-,-,IA,A,A,A,OA,F,-,-,-,-,-,-,-,-,-,-,-,-,-,-,-,-,-,IV_AFTER_OV*AV_AFTER_FV
OPENJPA-1701,-,-,-,-,-,-,-,IA,A,A,A,OA,F,-,-,-,-,-,-,-,-,-,-,-,-,-,-,-,-,-,IV_AFTER_OV*AV_AFTER_FV
OPENJPA-1702,-,-,-,-,-,-,-,IA,A,A,A,A,OA,A,A,A,A,A,A,A,A,F,-,-,-,-,-,-,-,-,AVS_NOT_CONSISTENT
OPENJPA-1704,-,-,-,-,-,-,-,-,-,-,IA,OA,F,-,-,-,-,-,-,-,-,-,-,-,-,-,-,-,-,-,AV_AFTER_FV
OPENJPA-1713,-,-,-,-,-,IA,A,A,A,A,A,OA,F,-,-,-,-,-,-,-,-,-,-,-,-,-,-,-,-,-,AVS_NOT_CONSISTENT
OPENJPA-1714,-,-,-,-,-,-,-,-,-,-,-,IOA,F,-,-,-,-,-,-,-,-,-,-,-,-,-,-,-,-,-,OK
OPENJPA-1719,-,-,-,-,-,-,-,-,-,-,-,IOA,F,-,-,-,-,-,-,-,-,-,-,-,-,-,-,-,-,-,OK
OPENJPA-1722,-,-,-,-,-,-,-,-,-,-,-,IOA,F,-,-,-,-,-,-,-,-,-,-,-,-,-,-,-,-,-,OK
OPENJPA-1725,IA,A,A,A,A,A,A,A,A,A,A,A,OA,A,A,F,-,-,-,-,-,-,-,-,-,-,-,-,-,-,AVS_NOT_CONSISTENT
OPENJPA-1726,-,-,-,-,-,-,-,IA,A,A,A,OA,F,-,-,-,-,-,-,-,-,-,-,-,-,-,-,-,-,-,IV_AFTER_OV*AV_AFTER_FV
OPENJPA-1727,-,-,-,-,-,-,-,IA,A,A,A,OA,F,-,-,-,-,-,-,-,-,-,-,-,-,-,-,-,-,-,AV_AFTER_FV
OPENJPA-1736,-,-,-,-,-,-,-,-,-,-,-,IOA,F,-,-,-,-,-,-,-,-,-,-,-,-,-,-,-,-,-,OK
OPENJPA-1737,-,-,-,-,-,-,-,-,-,-,-,IOA,F,-,-,-,-,-,-,-,-,-,-,-,-,-,-,-,-,-,OK
OPENJPA-1738,-,-,-,-,-,-,-,IA,A,A,A,OA,F,-,-,-,-,-,-,-,-,-,-,-,-,-,-,-,-,-,AV_AFTER_FV*FV_AS_AV
OPENJPA-1740,-,-,-,-,-,-,-,IA,A,A,A,OA,F,-,-,-,-,-,-,-,-,-,-,-,-,-,-,-,-,-,IV_AFTER_OV*AV_AFTER_FV
OPENJPA-1742,-,-,-,-,-,-,-,-,-,-,-,IOA,F,-,-,-,-,-,-,-,-,-,-,-,-,-,-,-,-,-,OK
OPENJPA-1743,IA,A,A,A,A,A,A,A,A,A,A,A,OA,A,F,-,-,-,-,-,-,-,-,-,-,-,-,-,-,-,FV_AS_AV*AVS_NOT_CONSISTENT
OPENJPA-1746,-,-,-,-,-,-,-,-,-,-,IA,A,OA,A,A,A,F,-,-,-,-,-,-,-,-,-,-,-,-,-,AVS_NOT_CONSISTENT
OPENJPA-1749,-,-,-,-,-,-,-,-,-,-,-,IOA,F,-,-,-,-,-,-,-,-,-,-,-,-,-,-,-,-,-,OK
OPENJPA-1751,-,-,-,-,-,-,-,IA,A,A,A,OA,F,-,-,-,-,-,-,-,-,-,-,-,-,-,-,-,-,-,IV_AFTER_OV*AV_AFTER_FV
OPENJPA-1752,-,-,-,-,-,-,-,IA,A,A,A,OA,F,-,-,-,-,-,-,-,-,-,-,-,-,-,-,-,-,-,IV_AFTER_OV*AV_AFTER_FV*FV_AS_AV
OPENJPA-1753,-,-,-,-,-,-,-,IA,A,A,A,OA,F,-,-,-,-,-,-,-,-,-,-,-,-,-,-,-,-,-,IV_AFTER_OV*AV_AFTER_FV
OPENJPA-1757,-,-,-,-,-,-,-,IA,A,A,A,OA,F,-,-,-,-,-,-,-,-,-,-,-,-,-,-,-,-,-,AV_AFTER_FV
OPENJPA-1762,-,-,-,-,IA,A,A,A,A,A,A,A,OA,A,F,-,-,-,-,-,-,-,-,-,-,-,-,-,-,-,FV_AS_AV*AVS_NOT_CONSISTENT
OPENJPA-1765,-,-,-,-,-,-,-,-,-,-,-,IA,OA,A,F,-,-,-,-,-,-,-,-,-,-,-,-,-,-,-,FV_AS_AV*AVS_NOT_CONSISTENT
OPENJPA-1768,-,-,-,-,-,-,-,-,-,-,-,IA,OA,A,A,F,-,-,-,-,-,-,-,-,-,-,-,-,-,-,AVS_NOT_CONSISTENT
OPENJPA-1769,-,-,-,-,-,-,-,IA,A,A,A,OA,F,-,-,-,-,-,-,-,-,-,-,-,-,-,-,-,-,-,AV_AFTER_FV
OPENJPA-1770,-,-,-,-,-,-,-,IA,A,A,A,OA,F,-,-,-,-,-,-,-,-,-,-,-,-,-,-,-,-,-,AV_AFTER_FV
OPENJPA-1784,-,-,-,-,-,-,-,-,-,-,-,-,IA,OA,F,-,-,-,-,-,-,-,-,-,-,-,-,-,-,-,AVS_NOT_CONSISTENT
OPENJPA-1787,-,-,-,-,-,-,-,-,-,-,-,-,IA,A,OA,F,-,-,-,-,-,-,-,-,-,-,-,-,-,-,AV_AFTER_FV*AVS_NOT_CONSISTENT
OPENJPA-1788,IA,A,A,A,A,A,A,A,A,A,A,A,A,OA,F,-,-,-,-,-,-,-,-,-,-,-,-,-,-,-,AVS_NOT_CONSISTENT
OPENJPA-1790,-,-,-,-,-,-,-,-,-,-,-,-,IA,OA,F,-,-,-,-,-,-,-,-,-,-,-,-,-,-,-,AVS_NOT_CONSISTENT
OPENJPA-1793,IA,A,A,A,A,A,A,A,A,A,A,A,A,OA,F,-,-,-,-,-,-,-,-,-,-,-,-,-,-,-,FV_AS_AV*AVS_NOT_CONSISTENT
OPENJPA-1794,-,-,-,-,-,-,-,-,-,-,-,IA,A,A,OA,A,A,A,A,A,F,-,-,-,-,-,-,-,-,-,AVS_NOT_CONSISTENT
OPENJPA-1800,-,-,-,-,-,-,-,-,-,-,-,IA,A,OA,F,-,-,-,-,-,-,-,-,-,-,-,-,-,-,-,AVS_NOT_CONSISTENT
OPENJPA-1801,-,-,-,-,-,-,-,-,-,-,-,-,IA,OA,F,-,-,-,-,-,-,-,-,-,-,-,-,-,-,-,FV_AS_AV*AVS_NOT_CONSISTENT
OPENJPA-1804,-,-,-,-,-,-,-,-,-,-,-,-,IA,OA,F,-,-,-,-,-,-,-,-,-,-,-,-,-,-,-,AVS_NOT_CONSISTENT
OPENJPA-1809,-,-,-,-,-,-,-,-,-,-,-,IA,A,OA,F,-,-,-,-,-,-,-,-,-,-,-,-,-,-,-,FV_AS_AV*AVS_NOT_CONSISTENT
OPENJPA-1810,-,-,-,-,-,-,-,-,-,-,-,-,IA,OA,F,-,-,-,-,-,-,-,-,-,-,-,-,-,-,-,FV_AS_AV*AVS_NOT_CONSISTENT
OPENJPA-1811,-,-,-,-,-,-,-,-,-,-,-,IA,A,OA,F,-,-,-,-,-,-,-,-,-,-,-,-,-,-,-,AVS_NOT_CONSISTENT
OPENJPA-1814,-,-,-,-,-,-,-,-,-,-,IA,A,A,OA,F,-,-,-,-,-,-,-,-,-,-,-,-,-,-,-,FV_AS_AV*AVS_NOT_CONSISTENT
OPENJPA-1818,-,-,-,-,-,-,-,-,-,-,-,IA,A,OA,F,-,-,-,-,-,-,-,-,-,-,-,-,-,-,-,AVS_NOT_CONSISTENT
OPENJPA-1819,IA,A,A,A,A,A,A,A,A,A,A,A,A,A,OA,A,A,A,A,A,F,-,-,-,-,-,-,-,-,-,AVS_NOT_CONSISTENT
OPENJPA-1828,-,-,-,-,-,-,-,-,-,IA,A,A,A,OA,F,-,-,-,-,-,-,-,-,-,-,-,-,-,-,-,IV_AFTER_OV*FV_AS_AV
OPENJPA-1830,-,-,-,-,-,-,-,-,-,-,-,IA,A,OA,F,-,-,-,-,-,-,-,-,-,-,-,-,-,-,-,AVS_NOT_CONSISTENT
OPENJPA-1831,-,-,-,-,-,-,-,-,-,-,-,IA,A,OA,F,-,-,-,-,-,-,-,-,-,-,-,-,-,-,-,AVS_NOT_CONSISTENT
OPENJPA-1832,-,-,-,-,-,-,-,-,-,IA,A,A,A,OA,F,-,-,-,-,-,-,-,-,-,-,-,-,-,-,-,IV_AFTER_OV*FV_AS_AV
OPENJPA-1835,-,-,-,-,-,-,-,-,-,IA,A,A,A,OA,F,-,-,-,-,-,-,-,-,-,-,-,-,-,-,-,IV_AFTER_OV*FV_AS_AV
OPENJPA-1837,-,-,-,-,-,-,-,-,-,-,-,-,IA,OA,F,-,-,-,-,-,-,-,-,-,-,-,-,-,-,-,AVS_NOT_CONSISTENT
OPENJPA-1838,-,-,-,-,-,-,-,-,-,IA,A,A,A,OA,F,-,-,-,-,-,-,-,-,-,-,-,-,-,-,-,IV_AFTER_OV*FV_AS_AV
OPENJPA-1840,-,-,-,-,-,-,-,-,-,IA,A,A,A,OA,F,-,-,-,-,-,-,-,-,-,-,-,-,-,-,-,IV_AFTER_OV*FV_AS_AV
OPENJPA-1845,-,-,-,-,-,-,-,-,-,-,-,-,IA,A,OA,F,-,-,-,-,-,-,-,-,-,-,-,-,-,-,AVS_NOT_CONSISTENT
OPENJPA-1853,-,-,-,-,-,-,-,-,-,-,-,IA,A,OA,F,-,-,-,-,-,-,-,-,-,-,-,-,-,-,-,AVS_NOT_CONSISTENT
OPENJPA-1856,-,-,-,-,-,-,-,-,-,-,-,IA,A,OA,F,-,-,-,-,-,-,-,-,-,-,-,-,-,-,-,AV_AFTER_FV*FV_AS_AV*AVS_NOT_CONSISTENT
OPENJPA-1857,-,-,-,-,-,-,-,-,-,IA,A,A,A,OA,F,-,-,-,-,-,-,-,-,-,-,-,-,-,-,-,IV_AFTER_OV*FV_AS_AV
OPENJPA-1866,-,-,-,-,-,-,-,-,-,-,-,-,IA,OA,F,-,-,-,-,-,-,-,-,-,-,-,-,-,-,-,FV_AS_AV*AVS_NOT_CONSISTENT
OPENJPA-1867,-,-,-,-,-,-,-,-,-,IA,A,A,A,OA,F,-,-,-,-,-,-,-,-,-,-,-,-,-,-,-,IV_AFTER_OV*FV_AS_AV
OPENJPA-1870,IA,A,A,A,A,A,A,A,A,A,A,A,A,OA,F,-,-,-,-,-,-,-,-,-,-,-,-,-,-,-,AVS_NOT_CONSISTENT
OPENJPA-1873,IA,A,A,A,A,A,A,A,A,A,A,A,A,A,OA,A,F,-,-,-,-,-,-,-,-,-,-,-,-,-,AVS_NOT_CONSISTENT
OPENJPA-1874,-,-,-,-,-,-,-,-,-,-,IA,A,A,OA,F,-,-,-,-,-,-,-,-,-,-,-,-,-,-,-,AVS_NOT_CONSISTENT
OPENJPA-1876,-,-,-,-,-,-,-,-,-,IA,A,A,A,OA,F,-,-,-,-,-,-,-,-,-,-,-,-,-,-,-,IV_AFTER_OV*FV_AS_AV
OPENJPA-1877,-,-,-,-,-,-,-,-,-,-,-,-,IA,OA,F,-,-,-,-,-,-,-,-,-,-,-,-,-,-,-,AVS_NOT_CONSISTENT
OPENJPA-1882,-,-,-,-,-,-,-,-,-,IA,A,A,A,OA,F,-,-,-,-,-,-,-,-,-,-,-,-,-,-,-,IV_AFTER_OV*FV_AS_AV
OPENJPA-1884,-,-,-,-,-,-,-,-,-,-,-,-,-,-,IOA,F,-,-,-,-,-,-,-,-,-,-,-,-,-,-,OK
OPENJPA-1886,IA,A,A,A,A,A,A,A,A,A,A,A,A,OA,F,-,-,-,-,-,-,-,-,-,-,-,-,-,-,-,FV_AS_AV*AVS_NOT_CONSISTENT
OPENJPA-1890,-,-,-,-,-,-,-,-,-,-,-,-,IA,OA,F,-,-,-,-,-,-,-,-,-,-,-,-,-,-,-,AVS_NOT_CONSISTENT
OPENJPA-1892,-,-,-,-,-,-,-,-,-,-,-,IA,A,OA,F,-,-,-,-,-,-,-,-,-,-,-,-,-,-,-,FV_AS_AV*AVS_NOT_CONSISTENT
OPENJPA-1893,-,-,-,-,-,-,-,-,-,-,-,-,IA,OA,F,-,-,-,-,-,-,-,-,-,-,-,-,-,-,-,AVS_NOT_CONSISTENT
OPENJPA-1894,-,-,-,-,-,-,-,-,-,IA,A,A,A,OA,F,-,-,-,-,-,-,-,-,-,-,-,-,-,-,-,IV_AFTER_OV*FV_AS_AV
OPENJPA-1896,-,-,-,-,-,-,-,-,-,-,-,-,IA,OA,F,-,-,-,-,-,-,-,-,-,-,-,-,-,-,-,AV_AFTER_FV*FV_AS_AV*AVS_NOT_CONSISTENT
OPENJPA-1897,-,-,-,-,-,-,-,-,-,-,-,-,IA,OA,F,-,-,-,-,-,-,-,-,-,-,-,-,-,-,-,AVS_NOT_CONSISTENT
OPENJPA-1898,-,-,-,-,-,-,-,-,-,-,-,-,IA,OA,F,-,-,-,-,-,-,-,-,-,-,-,-,-,-,-,AVS_NOT_CONSISTENT
OPENJPA-1900,-,-,-,-,-,-,-,-,-,-,-,-,IA,OA,F,-,-,-,-,-,-,-,-,-,-,-,-,-,-,-,AV_AFTER_FV*FV_AS_AV*AVS_NOT_CONSISTENT
OPENJPA-1901,-,-,-,-,-,-,-,-,-,-,-,IA,A,A,OA,A,F,-,-,-,-,-,-,-,-,-,-,-,-,-,AVS_NOT_CONSISTENT
OPENJPA-1902,-,-,-,-,-,-,-,-,-,IA,A,A,A,OA,F,-,-,-,-,-,-,-,-,-,-,-,-,-,-,-,NOT_REPORTED
OPENJPA-1903,-,-,-,-,-,-,-,-,-,-,-,-,IA,A,OA,A,F,-,-,-,-,-,-,-,-,-,-,-,-,-,AVS_NOT_CONSISTENT
OPENJPA-1904,IA,A,A,A,A,A,A,A,A,A,A,A,A,OA,F,-,-,-,-,-,-,-,-,-,-,-,-,-,-,-,AV_AFTER_FV*FV_AS_AV*AVS_NOT_CONSISTENT
OPENJPA-1905,-,-,-,-,-,-,-,IA,A,A,A,A,A,OA,F,-,-,-,-,-,-,-,-,-,-,-,-,-,-,-,AVS_NOT_CONSISTENT
OPENJPA-1906,-,-,-,-,-,-,-,-,-,IA,A,A,A,OA,F,-,-,-,-,-,-,-,-,-,-,-,-,-,-,-,IV_AFTER_OV*AV_AFTER_FV
OPENJPA-1909,-,-,-,-,-,-,-,-,-,-,-,IA,A,OA,F,-,-,-,-,-,-,-,-,-,-,-,-,-,-,-,FV_AS_AV*AVS_NOT_CONSISTENT
OPENJPA-1910,-,-,-,-,-,-,-,-,-,-,-,-,IA,OA,F,-,-,-,-,-,-,-,-,-,-,-,-,-,-,-,AV_AFTER_FV*FV_AS_AV*AVS_NOT_CONSISTENT
OPENJPA-1911,-,-,-,-,-,-,-,-,-,-,IA,A,A,OA,F,-,-,-,-,-,-,-,-,-,-,-,-,-,-,-,AV_AFTER_FV*FV_AS_AV*AVS_NOT_CONSISTENT
OPENJPA-1912,-,-,-,-,-,-,-,-,-,-,-,IA,A,OA,F,-,-,-,-,-,-,-,-,-,-,-,-,-,-,-,FV_AS_AV*AVS_NOT_CONSISTENT
OPENJPA-1915,-,-,-,-,-,-,-,-,-,IA,A,A,A,OA,F,-,-,-,-,-,-,-,-,-,-,-,-,-,-,-,IV_AFTER_OV*AV_AFTER_FV
OPENJPA-1918,-,-,-,-,-,-,-,-,-,-,-,-,IA,OA,F,-,-,-,-,-,-,-,-,-,-,-,-,-,-,-,AV_AFTER_FV*FV_AS_AV*AVS_NOT_CONSISTENT
OPENJPA-1923,-,-,-,-,-,-,-,-,-,IA,A,A,A,OA,F,-,-,-,-,-,-,-,-,-,-,-,-,-,-,-,NOT_REPORTED
OPENJPA-1928,-,-,-,-,-,-,-,-,IA,A,A,A,A,A,OA,F,-,-,-,-,-,-,-,-,-,-,-,-,-,-,AVS_NOT_CONSISTENT
OPENJPA-1932,-,-,-,-,-,-,IA,A,A,A,A,A,A,A,OA,A,F,-,-,-,-,-,-,-,-,-,-,-,-,-,AVS_NOT_CONSISTENT
OPENJPA-1935,-,-,-,-,-,-,-,-,-,IA,A,A,A,OA,F,-,-,-,-,-,-,-,-,-,-,-,-,-,-,-,IV_AFTER_OV*AV_AFTER_FV*FV_AS_AV
OPENJPA-1938,-,-,-,-,-,-,-,-,-,IA,A,A,A,OA,F,-,-,-,-,-,-,-,-,-,-,-,-,-,-,-,IV_AFTER_OV*AV_AFTER_FV*FV_AS_AV
OPENJPA-1939,-,-,-,-,-,-,-,-,-,-,IA,A,A,A,OA,F,-,-,-,-,-,-,-,-,-,-,-,-,-,-,AVS_NOT_CONSISTENT
OPENJPA-1940,-,-,-,-,-,-,-,-,-,-,-,-,-,-,IOA,F,-,-,-,-,-,-,-,-,-,-,-,-,-,-,OK
OPENJPA-1943,-,-,-,-,-,-,-,-,-,-,-,-,IA,OA,F,-,-,-,-,-,-,-,-,-,-,-,-,-,-,-,AV_AFTER_FV*FV_AS_AV*AVS_NOT_CONSISTENT
OPENJPA-1944,-,-,-,-,-,-,-,-,-,-,IA,A,A,A,OA,F,-,-,-,-,-,-,-,-,-,-,-,-,-,-,AVS_NOT_CONSISTENT
OPENJPA-1954,-,-,-,-,-,-,-,-,-,-,IA,A,A,A,A,OA,A,A,A,A,F,-,-,-,-,-,-,-,-,-,AVS_NOT_CONSISTENT
OPENJPA-1957,-,-,-,-,-,-,-,-,-,-,IA,A,A,A,OA,F,-,-,-,-,-,-,-,-,-,-,-,-,-,-,AVS_NOT_CONSISTENT
OPENJPA-1958,-,-,-,-,-,-,-,-,-,-,IA,A,A,A,OA,F,-,-,-,-,-,-,-,-,-,-,-,-,-,-,AV_AFTER_FV*AVS_NOT_CONSISTENT
OPENJPA-1959,-,-,-,-,-,-,-,-,-,-,IA,A,A,A,OA,F,-,-,-,-,-,-,-,-,-,-,-,-,-,-,AV_AFTER_FV*AVS_NOT_CONSISTENT
OPENJPA-1960,-,-,-,-,-,-,-,-,-,-,IA,A,A,A,OA,F,-,-,-,-,-,-,-,-,-,-,-,-,-,-,AV_AFTER_FV
OPENJPA-1965,-,-,-,-,-,-,-,-,-,-,-,IA,A,A,OA,F,-,-,-,-,-,-,-,-,-,-,-,-,-,-,AV_AFTER_FV*AVS_NOT_CONSISTENT
OPENJPA-1968,-,-,-,-,-,-,-,-,-,-,IA,A,A,A,OA,F,-,-,-,-,-,-,-,-,-,-,-,-,-,-,AV_AFTER_FV*FV_AS_AV
OPENJPA-1969,-,-,-,-,-,-,-,-,-,-,IA,A,A,A,OA,F,-,-,-,-,-,-,-,-,-,-,-,-,-,-,AV_AFTER_FV*FV_AS_AV
OPENJPA-1970,-,-,-,-,-,IA,A,A,A,A,A,A,A,A,OA,F,-,-,-,-,-,-,-,-,-,-,-,-,-,-,AVS_NOT_CONSISTENT
OPENJPA-1974,-,-,-,-,-,-,-,-,-,-,IA,A,A,A,OA,F,-,-,-,-,-,-,-,-,-,-,-,-,-,-,AV_AFTER_FV
OPENJPA-1975,-,-,-,-,-,-,-,-,-,-,-,-,IA,A,OA,F,-,-,-,-,-,-,-,-,-,-,-,-,-,-,AVS_NOT_CONSISTENT
OPENJPA-1979,IA,A,A,A,A,A,A,A,A,A,A,A,A,A,A,OA,A,A,F,-,-,-,-,-,-,-,-,-,-,-,AVS_NOT_CONSISTENT
OPENJPA-1981,-,-,-,-,-,-,-,-,-,-,-,-,-,-,IOA,F,-,-,-,-,-,-,-,-,-,-,-,-,-,-,OK
OPENJPA-1983,-,-,-,-,-,-,-,-,-,-,-,-,-,-,IA,OA,A,A,A,A,F,-,-,-,-,-,-,-,-,-,AVS_NOT_CONSISTENT
OPENJPA-1984,-,-,-,-,-,-,-,-,-,-,IA,A,A,A,OA,F,-,-,-,-,-,-,-,-,-,-,-,-,-,-,AV_AFTER_FV*FV_AS_AV
OPENJPA-1985,-,-,-,-,-,-,-,-,-,-,-,-,-,-,IOA,F,-,-,-,-,-,-,-,-,-,-,-,-,-,-,OK
OPENJPA-1986,-,-,-,-,-,-,-,-,-,-,-,-,IA,A,OA,F,-,-,-,-,-,-,-,-,-,-,-,-,-,-,AV_AFTER_FV*AVS_NOT_CONSISTENT
OPENJPA-1987,-,-,-,-,-,-,-,-,-,-,IA,A,A,A,OA,F,-,-,-,-,-,-,-,-,-,-,-,-,-,-,IV_AFTER_OV*AV_AFTER_FV
OPENJPA-1988,IA,A,A,A,A,A,A,A,A,A,A,A,A,A,A,OA,A,A,A,A,A,F,-,-,-,-,-,-,-,-,IV_AFTER_OV*AVS_NOT_CONSISTENT
OPENJPA-1989,-,-,-,-,-,-,-,-,-,IA,A,A,A,A,OA,F,-,-,-,-,-,-,-,-,-,-,-,-,-,-,AV_AFTER_FV
OPENJPA-1992,-,-,-,-,-,-,-,-,-,-,-,-,-,-,IOA,F,-,-,-,-,-,-,-,-,-,-,-,-,-,-,OK
OPENJPA-1993,-,-,IA,A,A,A,A,A,A,A,A,A,A,A,A,OA,A,A,A,A,A,A,A,A,A,A,F,-,-,-,AVS_NOT_CONSISTENT
OPENJPA-1994,-,-,-,-,-,-,-,-,-,IA,A,A,A,A,OA,F,-,-,-,-,-,-,-,-,-,-,-,-,-,-,NOT_REPORTED
OPENJPA-1995,-,-,-,-,-,-,-,-,-,IA,A,A,A,A,OA,F,-,-,-,-,-,-,-,-,-,-,-,-,-,-,NOT_REPORTED
OPENJPA-1996,-,-,-,-,-,-,-,-,-,-,-,-,-,-,IOA,F,-,-,-,-,-,-,-,-,-,-,-,-,-,-,OK
OPENJPA-2000,-,-,-,-,-,-,-,-,-,-,-,-,-,-,IOA,F,-,-,-,-,-,-,-,-,-,-,-,-,-,-,OK
OPENJPA-2005,-,-,-,-,-,-,-,-,-,-,-,-,-,-,IOA,F,-,-,-,-,-,-,-,-,-,-,-,-,-,-,OK
OPENJPA-2006,-,-,-,-,-,-,-,-,-,-,IA,A,A,A,A,OA,F,-,-,-,-,-,-,-,-,-,-,-,-,-,FV_AS_AV*AVS_NOT_CONSISTENT
OPENJPA-2007,-,-,-,-,-,-,-,-,-,-,-,IA,A,A,OA,F,-,-,-,-,-,-,-,-,-,-,-,-,-,-,AV_AFTER_FV*AVS_NOT_CONSISTENT
OPENJPA-2008,-,-,-,-,-,-,-,-,-,-,-,-,-,-,IA,OA,F,-,-,-,-,-,-,-,-,-,-,-,-,-,AVS_NOT_CONSISTENT
OPENJPA-2010,-,-,-,-,-,-,-,-,-,-,-,-,IA,A,A,OA,F,-,-,-,-,-,-,-,-,-,-,-,-,-,AVS_NOT_CONSISTENT
OPENJPA-2011,-,-,-,-,-,-,-,-,-,-,-,-,IA,A,A,OA,F,-,-,-,-,-,-,-,-,-,-,-,-,-,AVS_NOT_CONSISTENT
OPENJPA-2013,-,-,-,-,-,-,-,-,-,-,-,-,-,-,IOA,F,-,-,-,-,-,-,-,-,-,-,-,-,-,-,OK
OPENJPA-2015,-,-,-,-,-,-,-,-,-,-,IA,A,A,A,OA,F,-,-,-,-,-,-,-,-,-,-,-,-,-,-,AV_AFTER_FV*AVS_NOT_CONSISTENT
OPENJPA-2018,-,-,-,-,-,-,-,-,-,-,-,-,-,-,IA,OA,A,A,A,A,F,-,-,-,-,-,-,-,-,-,AVS_NOT_CONSISTENT
OPENJPA-2022,-,-,-,-,-,-,-,-,-,-,-,-,-,-,IA,OA,A,A,A,A,A,F,-,-,-,-,-,-,-,-,AVS_NOT_CONSISTENT
OPENJPA-2025,-,-,-,-,-,-,-,-,-,-,-,-,-,-,IOA,F,-,-,-,-,-,-,-,-,-,-,-,-,-,-,OK
OPENJPA-2027,-,-,-,-,-,-,-,-,-,-,-,-,-,-,IOA,F,-,-,-,-,-,-,-,-,-,-,-,-,-,-,OK
OPENJPA-2034,-,-,-,-,-,-,-,-,-,-,-,-,-,-,IOA,F,-,-,-,-,-,-,-,-,-,-,-,-,-,-,OK
OPENJPA-2036,-,-,-,-,-,-,-,-,-,-,-,-,-,-,IA,OA,F,-,-,-,-,-,-,-,-,-,-,-,-,-,AVS_NOT_CONSISTENT
OPENJPA-2038,-,-,-,-,-,-,-,-,-,-,-,-,-,-,-,IOA,F,-,-,-,-,-,-,-,-,-,-,-,-,-,OK
OPENJPA-2039,-,-,-,-,-,-,-,-,-,-,IA,A,A,A,A,OA,F,-,-,-,-,-,-,-,-,-,-,-,-,-,FV_AS_AV
OPENJPA-2045,-,-,-,-,-,-,-,-,-,-,-,-,-,-,IA,OA,F,-,-,-,-,-,-,-,-,-,-,-,-,-,FV_AS_AV*AVS_NOT_CONSISTENT
OPENJPA-2051,-,-,-,-,-,-,-,-,-,-,-,IA,A,A,A,A,OA,F,-,-,-,-,-,-,-,-,-,-,-,-,AVS_NOT_CONSISTENT
OPENJPA-2053,-,-,-,-,-,-,-,-,-,-,-,IA,A,A,A,A,OA,F,-,-,-,-,-,-,-,-,-,-,-,-,AVS_NOT_CONSISTENT
OPENJPA-2055,-,-,-,-,-,-,-,-,-,-,-,-,-,-,IA,A,OA,A,A,A,A,F,-,-,-,-,-,-,-,-,AVS_NOT_CONSISTENT
OPENJPA-2056,-,-,-,-,-,-,-,-,-,-,-,IA,A,A,A,OA,F,-,-,-,-,-,-,-,-,-,-,-,-,-,AVS_NOT_CONSISTENT
OPENJPA-2059,IA,A,A,A,A,A,A,A,A,A,A,A,A,A,A,OA,F,-,-,-,-,-,-,-,-,-,-,-,-,-,FV_AS_AV*AVS_NOT_CONSISTENT
OPENJPA-2060,IA,A,A,A,A,A,A,A,A,A,A,A,A,A,A,A,OA,A,A,A,A,F,-,-,-,-,-,-,-,-,AVS_NOT_CONSISTENT
OPENJPA-2065,-,-,-,-,-,-,-,-,-,-,-,-,-,-,IA,OA,F,-,-,-,-,-,-,-,-,-,-,-,-,-,FV_AS_AV
OPENJPA-2066,-,-,-,-,-,IA,A,A,A,A,A,A,A,A,A,OA,F,-,-,-,-,-,-,-,-,-,-,-,-,-,FV_AS_AV*AVS_NOT_CONSISTENT
OPENJPA-2067,IA,A,A,A,A,A,A,A,A,A,A,A,A,A,A,A,OA,F,-,-,-,-,-,-,-,-,-,-,-,-,AV_AFTER_FV*AVS_NOT_CONSISTENT
OPENJPA-2069,IA,A,A,A,A,A,A,A,A,A,A,A,A,A,A,OA,F,-,-,-,-,-,-,-,-,-,-,-,-,-,FV_AS_AV*AVS_NOT_CONSISTENT
OPENJPA-2070,-,-,-,-,-,-,-,-,-,-,IA,A,A,A,A,OA,F,-,-,-,-,-,-,-,-,-,-,-,-,-,IV_AFTER_OV*FV_AS_AV
OPENJPA-2071,-,-,-,-,-,-,-,-,-,-,IA,A,A,A,A,OA,F,-,-,-,-,-,-,-,-,-,-,-,-,-,IV_AFTER_OV*FV_AS_AV
OPENJPA-2072,-,-,-,-,-,-,-,-,IA,A,A,A,A,A,A,A,OA,F,-,-,-,-,-,-,-,-,-,-,-,-,AV_AFTER_FV*AVS_NOT_CONSISTENT
OPENJPA-2073,-,-,-,-,-,-,-,-,-,-,IA,A,A,A,A,OA,F,-,-,-,-,-,-,-,-,-,-,-,-,-,IV_AFTER_OV*FV_AS_AV
OPENJPA-2077,-,-,-,-,-,-,-,-,-,-,IA,A,A,A,A,OA,F,-,-,-,-,-,-,-,-,-,-,-,-,-,IV_AFTER_OV*FV_AS_AV
OPENJPA-2083,-,-,-,-,-,-,-,-,-,-,-,-,-,-,-,IOA,F,-,-,-,-,-,-,-,-,-,-,-,-,-,OK
OPENJPA-2088,IA,A,A,A,A,A,A,A,A,A,A,A,A,A,A,OA,F,-,-,-,-,-,-,-,-,-,-,-,-,-,AVS_NOT_CONSISTENT
OPENJPA-2094,IA,A,A,A,A,A,A,A,A,A,A,A,A,A,A,A,OA,A,A,A,A,F,-,-,-,-,-,-,-,-,NOT_REPORTED
OPENJPA-2095,IA,A,A,A,A,A,A,A,A,A,A,A,A,A,A,A,OA,F,-,-,-,-,-,-,-,-,-,-,-,-,AV_AFTER_FV*AVS_NOT_CONSISTENT
OPENJPA-2100,-,-,-,-,-,-,-,-,-,-,IA,A,A,A,A,OA,F,-,-,-,-,-,-,-,-,-,-,-,-,-,IV_AFTER_OV*FV_AS_AV
OPENJPA-2102,IA,A,A,A,A,A,A,A,A,A,A,A,A,A,A,A,OA,F,-,-,-,-,-,-,-,-,-,-,-,-,AVS_NOT_CONSISTENT
OPENJPA-2104,-,-,-,-,-,-,-,-,-,-,IA,A,A,A,A,OA,F,-,-,-,-,-,-,-,-,-,-,-,-,-,IV_AFTER_OV*FV_AS_AV
OPENJPA-2105,-,-,-,-,-,-,-,-,-,-,IA,A,A,A,A,OA,F,-,-,-,-,-,-,-,-,-,-,-,-,-,IV_AFTER_OV*FV_AS_AV
OPENJPA-2107,-,-,-,-,-,-,-,-,-,-,-,-,IA,A,A,A,OA,F,-,-,-,-,-,-,-,-,-,-,-,-,AVS_NOT_CONSISTENT
OPENJPA-2110,-,-,-,-,-,-,-,-,-,-,IA,A,A,A,A,A,OA,F,-,-,-,-,-,-,-,-,-,-,-,-,AVS_NOT_CONSISTENT
OPENJPA-2117,IA,A,A,A,A,A,A,A,A,A,A,A,A,A,A,A,OA,A,F,-,-,-,-,-,-,-,-,-,-,-,FV_AS_AV*AVS_NOT_CONSISTENT
OPENJPA-2118,-,-,-,-,-,-,-,-,-,-,-,IA,A,A,A,A,OA,F,-,-,-,-,-,-,-,-,-,-,-,-,AVS_NOT_CONSISTENT
OPENJPA-2119,-,-,-,-,-,-,-,-,-,-,IA,A,A,A,A,OA,F,-,-,-,-,-,-,-,-,-,-,-,-,-,IV_AFTER_OV*FV_AS_AV
OPENJPA-2124,-,-,-,-,-,-,-,-,-,-,-,IA,A,A,A,OA,F,-,-,-,-,-,-,-,-,-,-,-,-,-,AV_AFTER_FV*AVS_NOT_CONSISTENT
OPENJPA-2131,-,-,-,-,-,-,-,-,-,-,-,-,-,-,-,IA,OA,F,-,-,-,-,-,-,-,-,-,-,-,-,AVS_NOT_CONSISTENT
OPENJPA-2132,-,-,-,-,-,-,-,-,-,-,-,-,IA,A,A,A,OA,F,-,-,-,-,-,-,-,-,-,-,-,-,AVS_NOT_CONSISTENT
OPENJPA-2133,-,-,-,-,-,-,-,-,-,-,-,-,-,-,-,IA,OA,F,-,-,-,-,-,-,-,-,-,-,-,-,AVS_NOT_CONSISTENT
OPENJPA-2136,-,-,-,-,-,-,-,-,-,-,-,IA,A,A,A,A,OA,F,-,-,-,-,-,-,-,-,-,-,-,-,AV_AFTER_FV*AVS_NOT_CONSISTENT
OPENJPA-2140,-,-,-,-,-,-,-,-,-,-,-,IA,A,A,A,A,OA,F,-,-,-,-,-,-,-,-,-,-,-,-,IV_AFTER_OV*AV_AFTER_FV
OPENJPA-2142,-,-,-,-,-,-,-,-,-,-,-,IA,A,A,A,A,OA,F,-,-,-,-,-,-,-,-,-,-,-,-,IV_AFTER_OV*AV_AFTER_FV*FV_AS_AV
OPENJPA-2145,-,-,-,-,-,-,-,-,-,-,-,IA,A,A,A,A,OA,F,-,-,-,-,-,-,-,-,-,-,-,-,AV_AFTER_FV*FV_AS_AV
OPENJPA-2146,IA,A,A,A,A,A,A,A,A,A,A,A,A,A,A,A,OA,F,-,-,-,-,-,-,-,-,-,-,-,-,FV_AS_AV*AVS_NOT_CONSISTENT
OPENJPA-2149,IA,A,A,A,A,A,A,A,A,A,A,A,A,A,A,A,OA,F,-,-,-,-,-,-,-,-,-,-,-,-,AVS_NOT_CONSISTENT
OPENJPA-2153,-,-,-,-,-,-,-,-,-,-,-,IA,A,A,A,A,OA,F,-,-,-,-,-,-,-,-,-,-,-,-,AV_AFTER_FV
OPENJPA-2154,-,-,-,-,-,-,-,-,-,-,-,IA,A,A,A,A,OA,F,-,-,-,-,-,-,-,-,-,-,-,-,AV_AFTER_FV
OPENJPA-2156,-,-,-,-,-,-,-,-,-,-,-,IA,A,A,A,A,OA,F,-,-,-,-,-,-,-,-,-,-,-,-,AV_AFTER_FV
OPENJPA-2158,-,-,-,-,-,-,-,-,-,-,-,-,-,-,-,IA,OA,F,-,-,-,-,-,-,-,-,-,-,-,-,AV_AFTER_FV
OPENJPA-2161,-,-,-,-,-,-,-,-,-,-,-,IA,A,A,A,A,OA,F,-,-,-,-,-,-,-,-,-,-,-,-,AV_AFTER_FV
OPENJPA-2163,IA,A,A,A,A,A,A,A,A,A,A,A,A,A,A,A,OA,F,-,-,-,-,-,-,-,-,-,-,-,-,AV_AFTER_FV*FV_AS_AV*AVS_NOT_CONSISTENT
OPENJPA-2170,-,-,-,-,-,-,-,-,-,-,-,IA,A,A,A,A,OA,F,-,-,-,-,-,-,-,-,-,-,-,-,AV_AFTER_FV
OPENJPA-2174,-,-,-,-,-,-,-,-,-,-,-,-,-,-,IA,A,OA,F,-,-,-,-,-,-,-,-,-,-,-,-,AVS_NOT_CONSISTENT
OPENJPA-2178,-,-,-,-,-,-,-,-,-,-,-,-,-,-,-,-,IOA,F,-,-,-,-,-,-,-,-,-,-,-,-,OK
OPENJPA-2182,IA,A,A,A,A,A,A,A,A,A,A,A,A,A,A,A,A,OA,A,A,A,A,A,A,A,A,A,A,A,F,IV_AFTER_OV*AVS_NOT_CONSISTENT
OPENJPA-2187,-,-,-,-,-,-,-,-,-,-,-,-,-,-,-,-,IOA,F,-,-,-,-,-,-,-,-,-,-,-,-,OK
OPENJPA-2191,-,-,-,-,-,-,-,-,-,-,-,IA,A,A,A,A,OA,F,-,-,-,-,-,-,-,-,-,-,-,-,AV_AFTER_FV*AVS_NOT_CONSISTENT
OPENJPA-2196,-,-,-,-,-,-,-,-,-,-,-,-,-,-,-,-,IOA,F,-,-,-,-,-,-,-,-,-,-,-,-,OK
OPENJPA-2197,-,-,-,-,-,-,-,-,-,-,-,-,-,-,-,-,IOA,F,-,-,-,-,-,-,-,-,-,-,-,-,OK
OPENJPA-2199,-,-,-,-,-,-,-,-,-,-,-,IA,A,A,A,A,OA,F,-,-,-,-,-,-,-,-,-,-,-,-,AV_AFTER_FV*AVS_NOT_CONSISTENT
OPENJPA-2221,-,-,-,-,-,-,-,-,-,-,-,-,-,-,IA,A,A,OA,A,A,F,-,-,-,-,-,-,-,-,-,AVS_NOT_CONSISTENT
OPENJPA-2227,-,-,-,-,-,-,-,-,-,-,-,IA,A,A,A,A,OA,F,-,-,-,-,-,-,-,-,-,-,-,-,AVS_NOT_CONSISTENT
OPENJPA-2228,-,-,-,-,-,-,-,-,-,-,-,IA,A,A,A,A,OA,F,-,-,-,-,-,-,-,-,-,-,-,-,AV_AFTER_FV
OPENJPA-2229,-,-,-,-,-,-,-,-,-,-,-,IA,A,A,A,A,OA,F,-,-,-,-,-,-,-,-,-,-,-,-,AV_AFTER_FV*FV_AS_AV
OPENJPA-2233,-,-,-,-,-,-,-,-,-,-,-,-,IA,A,A,A,A,OA,A,A,A,F,-,-,-,-,-,-,-,-,AVS_NOT_CONSISTENT
OPENJPA-2234,-,-,-,-,-,-,-,-,-,-,-,-,IA,A,A,A,OA,F,-,-,-,-,-,-,-,-,-,-,-,-,AVS_NOT_CONSISTENT
OPENJPA-2235,-,-,-,-,-,-,-,-,-,-,-,-,-,-,-,IA,A,OA,F,-,-,-,-,-,-,-,-,-,-,-,AV_AFTER_FV*AVS_NOT_CONSISTENT
OPENJPA-2236,-,-,-,-,-,-,-,-,-,-,-,-,IA,A,A,A,A,OA,F,-,-,-,-,-,-,-,-,-,-,-,AV_AFTER_FV
OPENJPA-2238,-,-,-,-,-,-,-,-,-,-,-,IA,A,A,A,A,OA,F,-,-,-,-,-,-,-,-,-,-,-,-,AV_AFTER_FV
OPENJPA-2240,-,-,-,-,-,-,-,-,-,-,-,-,-,-,-,-,IA,OA,F,-,-,-,-,-,-,-,-,-,-,-,AV_AFTER_FV
OPENJPA-2244,-,-,-,-,-,-,-,-,-,-,-,-,IA,A,A,A,A,OA,F,-,-,-,-,-,-,-,-,-,-,-,AVS_NOT_CONSISTENT
OPENJPA-2245,-,-,-,-,-,-,-,-,-,-,-,-,-,-,-,-,IA,OA,A,A,A,A,A,F,-,-,-,-,-,-,AVS_NOT_CONSISTENT
OPENJPA-2247,IA,A,A,A,A,A,A,A,A,A,A,A,A,A,A,A,OA,F,-,-,-,-,-,-,-,-,-,-,-,-,AV_AFTER_FV*FV_AS_AV*AVS_NOT_CONSISTENT
OPENJPA-2253,-,-,-,-,-,-,-,-,-,-,-,-,-,-,-,-,IA,OA,A,A,F,-,-,-,-,-,-,-,-,-,FV_AS_AV*AVS_NOT_CONSISTENT
OPENJPA-2255,-,-,-,-,-,-,-,-,-,-,-,-,-,-,-,IA,OA,F,-,-,-,-,-,-,-,-,-,-,-,-,AVS_NOT_CONSISTENT
OPENJPA-2257,IA,A,A,A,A,A,A,A,A,A,A,A,A,A,A,A,OA,F,-,-,-,-,-,-,-,-,-,-,-,-,AVS_NOT_CONSISTENT
OPENJPA-2260,-,-,-,-,-,-,-,-,-,-,-,-,-,-,IA,A,OA,F,-,-,-,-,-,-,-,-,-,-,-,-,OK
OPENJPA-2261,-,-,-,-,-,-,-,-,-,-,-,-,-,-,IA,A,OA,F,-,-,-,-,-,-,-,-,-,-,-,-,OK
OPENJPA-2267,-,-,-,-,-,-,-,-,-,-,-,IA,A,A,A,A,OA,F,-,-,-,-,-,-,-,-,-,-,-,-,AV_AFTER_FV
OPENJPA-2269,-,-,-,-,-,-,-,-,-,-,-,IA,A,A,A,A,OA,F,-,-,-,-,-,-,-,-,-,-,-,-,AV_AFTER_FV
OPENJPA-2271,-,-,-,-,-,-,-,-,-,-,-,IA,A,A,A,A,OA,F,-,-,-,-,-,-,-,-,-,-,-,-,NOT_REPORTED
OPENJPA-2282,-,-,-,-,-,-,-,-,-,-,-,-,IA,A,A,A,A,OA,F,-,-,-,-,-,-,-,-,-,-,-,IV_AFTER_OV*AV_AFTER_FV
OPENJPA-2284,-,-,-,-,-,-,-,-,-,-,-,-,IA,A,A,A,A,OA,F,-,-,-,-,-,-,-,-,-,-,-,AV_AFTER_FV*AVS_NOT_CONSISTENT
OPENJPA-2286,-,-,-,-,-,-,-,-,-,-,-,-,-,-,-,-,IA,OA,A,A,A,A,A,F,-,-,-,-,-,-,AVS_NOT_CONSISTENT
OPENJPA-2287,-,-,-,-,-,-,-,-,-,-,-,-,-,-,-,-,IA,OA,A,A,A,F,-,-,-,-,-,-,-,-,AVS_NOT_CONSISTENT
OPENJPA-2288,-,-,-,-,-,-,-,-,-,-,-,-,-,-,-,IA,A,OA,F,-,-,-,-,-,-,-,-,-,-,-,AVS_NOT_CONSISTENT
OPENJPA-2289,-,-,-,-,-,-,-,-,-,-,-,-,IA,A,A,A,A,OA,F,-,-,-,-,-,-,-,-,-,-,-,AV_AFTER_FV*AVS_NOT_CONSISTENT
OPENJPA-2298,-,-,-,-,-,-,-,-,-,-,-,-,-,-,-,-,IA,OA,F,-,-,-,-,-,-,-,-,-,-,-,AV_AFTER_FV*AVS_NOT_CONSISTENT
OPENJPA-2300,-,-,-,-,-,-,-,-,-,-,-,-,-,-,-,-,-,IA,OA,A,A,A,A,F,-,-,-,-,-,-,AVS_NOT_CONSISTENT
OPENJPA-2304,IA,A,A,A,A,A,A,A,A,A,A,A,A,A,A,A,A,OA,F,-,-,-,-,-,-,-,-,-,-,-,AVS_NOT_CONSISTENT
OPENJPA-2318,-,-,-,-,-,-,-,-,-,-,-,-,-,-,-,IA,A,A,OA,A,F,-,-,-,-,-,-,-,-,-,AVS_NOT_CONSISTENT
OPENJPA-2320,-,-,-,-,-,-,-,-,-,-,-,-,IA,A,A,A,A,OA,F,-,-,-,-,-,-,-,-,-,-,-,NOT_REPORTED
OPENJPA-2321,-,-,-,-,-,-,-,-,-,-,-,-,IA,A,A,A,A,OA,F,-,-,-,-,-,-,-,-,-,-,-,NOT_REPORTED
OPENJPA-2325,-,-,-,-,-,-,-,-,-,-,-,-,IA,A,A,A,A,OA,F,-,-,-,-,-,-,-,-,-,-,-,IV_AFTER_OV*AV_AFTER_FV
OPENJPA-2326,-,-,-,-,-,-,-,-,-,-,-,-,IA,A,A,A,A,OA,F,-,-,-,-,-,-,-,-,-,-,-,IV_AFTER_OV*AV_AFTER_FV
OPENJPA-2328,-,-,-,-,-,-,-,-,-,-,-,-,-,-,-,IA,A,OA,F,-,-,-,-,-,-,-,-,-,-,-,OK
OPENJPA-2330,-,-,-,-,-,-,-,-,-,-,-,-,-,-,-,-,IA,A,OA,A,F,-,-,-,-,-,-,-,-,-,AVS_NOT_CONSISTENT
OPENJPA-2335,-,-,-,-,-,-,-,-,IA,A,A,A,A,A,A,A,A,A,OA,A,F,-,-,-,-,-,-,-,-,-,NOT_REPORTED
OPENJPA-2336,-,-,-,-,-,-,-,-,-,-,-,-,IA,A,A,A,A,OA,F,-,-,-,-,-,-,-,-,-,-,-,NOT_REPORTED
OPENJPA-2341,-,-,-,-,-,-,-,-,-,-,-,-,-,-,-,-,IA,A,OA,A,A,A,F,-,-,-,-,-,-,-,AVS_NOT_CONSISTENT
OPENJPA-2343,-,-,-,-,-,-,-,-,-,-,-,-,-,-,-,-,-,IA,OA,A,F,-,-,-,-,-,-,-,-,-,FV_AS_AV*AVS_NOT_CONSISTENT
OPENJPA-2355,-,-,-,-,-,-,-,-,-,-,-,-,IA,A,A,A,A,OA,F,-,-,-,-,-,-,-,-,-,-,-,NOT_REPORTED
OPENJPA-2357,-,-,-,-,-,-,-,-,-,-,-,-,-,-,-,-,IA,OA,F,-,-,-,-,-,-,-,-,-,-,-,OK
OPENJPA-2374,-,-,-,-,-,-,-,-,-,-,-,-,-,-,-,-,-,IA,A,A,OA,F,-,-,-,-,-,-,-,-,AVS_NOT_CONSISTENT
OPENJPA-2377,-,-,-,-,-,-,-,-,-,-,-,-,-,IA,A,A,A,A,A,OA,F,-,-,-,-,-,-,-,-,-,NOT_REPORTED
OPENJPA-2378,-,-,-,-,-,-,-,-,-,-,-,-,-,IA,A,A,A,A,A,OA,F,-,-,-,-,-,-,-,-,-,IV_AFTER_OV*FV_AS_AV
OPENJPA-2381,-,-,-,-,-,-,-,-,-,-,-,-,-,-,-,-,-,-,-,IA,OA,F,-,-,-,-,-,-,-,-,AVS_NOT_CONSISTENT
OPENJPA-2390,-,-,-,-,-,-,-,-,-,-,-,-,-,-,-,-,-,IA,A,OA,F,-,-,-,-,-,-,-,-,-,AVS_NOT_CONSISTENT
OPENJPA-2391,-,-,-,-,-,-,-,-,-,-,-,-,-,IA,A,A,A,A,A,OA,F,-,-,-,-,-,-,-,-,-,NOT_REPORTED
OPENJPA-2400,IA,A,A,A,A,A,A,A,A,A,A,A,A,A,A,A,A,A,A,OA,F,-,-,-,-,-,-,-,-,-,AVS_NOT_CONSISTENT
OPENJPA-2405,IA,A,A,A,A,A,A,A,A,A,A,A,A,A,A,A,A,A,A,OA,F,-,-,-,-,-,-,-,-,-,AVS_NOT_CONSISTENT
OPENJPA-2409,-,-,-,-,-,-,-,-,-,-,-,-,-,-,-,-,-,-,-,IOA,F,-,-,-,-,-,-,-,-,-,OK
OPENJPA-2414,IA,A,A,A,A,A,A,A,A,A,A,A,A,A,A,A,A,A,A,OA,F,-,-,-,-,-,-,-,-,-,FV_AS_AV*AVS_NOT_CONSISTENT
OPENJPA-2418,IA,A,A,A,A,A,A,A,A,A,A,A,A,A,A,A,A,A,A,OA,F,-,-,-,-,-,-,-,-,-,FV_AS_AV*AVS_NOT_CONSISTENT
OPENJPA-2421,-,-,-,-,-,-,-,-,-,-,-,-,-,-,IA,A,A,A,A,OA,F,-,-,-,-,-,-,-,-,-,FV_AS_AV
OPENJPA-2423,IA,A,A,A,A,A,A,A,A,A,A,A,A,A,A,A,A,A,A,OA,F,-,-,-,-,-,-,-,-,-,FV_AS_AV*AVS_NOT_CONSISTENT
OPENJPA-2425,IA,A,A,A,A,A,A,A,A,A,A,A,A,A,A,A,A,A,A,OA,F,-,-,-,-,-,-,-,-,-,FV_AS_AV*AVS_NOT_CONSISTENT
OPENJPA-2432,-,-,-,-,-,-,-,-,-,-,-,-,-,-,IA,A,A,A,A,OA,F,-,-,-,-,-,-,-,-,-,NOT_REPORTED
OPENJPA-2435,IA,A,A,A,A,A,A,A,A,A,A,A,A,A,A,A,A,A,A,OA,F,-,-,-,-,-,-,-,-,-,FV_AS_AV*AVS_NOT_CONSISTENT
OPENJPA-2437,-,-,-,-,-,-,-,-,-,-,-,-,-,-,IA,A,A,A,A,OA,F,-,-,-,-,-,-,-,-,-,NOT_REPORTED
OPENJPA-2440,-,-,-,-,-,-,-,-,-,-,-,-,-,-,IA,A,A,A,A,OA,F,-,-,-,-,-,-,-,-,-,IV_AFTER_OV*FV_AS_AV
OPENJPA-2441,-,-,-,-,-,-,-,-,-,-,-,-,-,-,-,IA,A,A,A,A,OA,F,-,-,-,-,-,-,-,-,IV_AFTER_OV*FV_AS_AV
OPENJPA-2442,-,-,-,-,-,-,-,-,-,-,-,-,-,-,-,IA,A,A,A,A,OA,F,-,-,-,-,-,-,-,-,IV_AFTER_OV*FV_AS_AV
OPENJPA-2443,-,-,-,-,-,-,-,-,-,-,-,-,-,-,IA,A,A,A,A,OA,F,-,-,-,-,-,-,-,-,-,IV_AFTER_OV*AV_AFTER_FV*FV_AS_AV
OPENJPA-2444,-,-,-,-,-,-,-,-,-,-,-,-,-,-,IA,A,A,A,A,OA,F,-,-,-,-,-,-,-,-,-,IV_AFTER_OV*FV_AS_AV
OPENJPA-2463,IA,A,A,A,A,A,A,A,A,A,A,A,A,A,A,A,A,A,A,A,OA,F,-,-,-,-,-,-,-,-,AVS_NOT_CONSISTENT
OPENJPA-2467,-,-,-,-,-,-,-,-,-,-,-,-,-,-,-,-,-,-,-,IA,OA,F,-,-,-,-,-,-,-,-,AVS_NOT_CONSISTENT
OPENJPA-2470,-,-,-,-,-,-,-,-,-,-,-,-,IA,A,A,A,A,A,A,A,A,OA,F,-,-,-,-,-,-,-,AVS_NOT_CONSISTENT
OPENJPA-2472,-,-,-,-,-,-,-,-,-,-,-,-,-,-,-,-,-,-,-,IA,A,OA,F,-,-,-,-,-,-,-,AVS_NOT_CONSISTENT
OPENJPA-2475,IA,A,A,A,A,A,A,A,A,A,A,A,A,A,A,A,A,A,A,A,OA,F,-,-,-,-,-,-,-,-,FV_AS_AV*AVS_NOT_CONSISTENT
OPENJPA-2476,IA,A,A,A,A,A,A,A,A,A,A,A,A,A,A,A,A,A,A,A,OA,F,-,-,-,-,-,-,-,-,FV_AS_AV*AVS_NOT_CONSISTENT
OPENJPA-2478,IA,A,A,A,A,A,A,A,A,A,A,A,A,A,A,A,A,A,A,A,OA,F,-,-,-,-,-,-,-,-,FV_AS_AV*AVS_NOT_CONSISTENT
OPENJPA-2482,-,-,-,-,-,-,-,-,-,-,-,-,-,-,-,IA,A,A,A,A,OA,F,-,-,-,-,-,-,-,-,FV_AS_AV*AVS_NOT_CONSISTENT
OPENJPA-2494,IA,A,A,A,A,A,A,A,A,A,A,A,A,A,A,A,A,A,A,A,OA,F,-,-,-,-,-,-,-,-,FV_AS_AV*AVS_NOT_CONSISTENT
OPENJPA-2502,-,-,-,-,-,-,-,-,-,-,-,-,-,-,-,-,-,IA,A,A,OA,F,-,-,-,-,-,-,-,-,FV_AS_AV*AVS_NOT_CONSISTENT
OPENJPA-2505,-,-,-,-,-,-,-,-,-,-,-,-,-,-,IA,A,A,A,A,A,OA,F,-,-,-,-,-,-,-,-,FV_AS_AV*AVS_NOT_CONSISTENT
OPENJPA-2506,-,-,-,-,-,-,-,-,-,-,-,-,IA,A,A,A,A,A,A,A,OA,F,-,-,-,-,-,-,-,-,FV_AS_AV*AVS_NOT_CONSISTENT
OPENJPA-2508,IA,A,A,A,A,A,A,A,A,A,A,A,A,A,A,A,A,A,A,A,OA,F,-,-,-,-,-,-,-,-,FV_AS_AV*AVS_NOT_CONSISTENT
OPENJPA-2515,-,-,-,-,-,-,-,-,-,-,-,-,-,-,-,-,IA,A,A,A,OA,F,-,-,-,-,-,-,-,-,FV_AS_AV
OPENJPA-2517,-,-,-,-,-,-,-,-,-,-,-,-,-,-,-,-,IA,A,A,A,A,OA,F,-,-,-,-,-,-,-,AVS_NOT_CONSISTENT
OPENJPA-2525,-,-,-,-,-,-,-,-,-,-,-,-,-,-,-,-,-,-,-,IA,OA,F,-,-,-,-,-,-,-,-,AVS_NOT_CONSISTENT
OPENJPA-2533,-,-,-,-,-,-,-,-,-,-,-,-,-,-,-,-,-,-,-,IA,OA,F,-,-,-,-,-,-,-,-,FV_AS_AV
OPENJPA-2534,IA,A,A,A,A,A,A,A,A,A,A,A,A,A,A,A,A,A,A,A,OA,F,-,-,-,-,-,-,-,-,FV_AS_AV*AVS_NOT_CONSISTENT
OPENJPA-2536,IA,A,A,A,A,A,A,A,A,A,A,A,A,A,A,A,A,A,A,A,OA,F,-,-,-,-,-,-,-,-,FV_AS_AV*AVS_NOT_CONSISTENT
OPENJPA-2539,-,-,-,-,-,-,-,-,-,-,-,-,-,-,IA,A,A,A,A,A,A,OA,F,-,-,-,-,-,-,-,AVS_NOT_CONSISTENT
OPENJPA-2542,-,-,-,-,-,-,-,-,-,-,-,-,-,-,-,-,IA,A,A,A,OA,F,-,-,-,-,-,-,-,-,FV_AS_AV
OPENJPA-2547,IA,A,A,A,A,A,A,A,A,A,A,A,A,A,A,A,A,A,A,A,OA,F,-,-,-,-,-,-,-,-,FV_AS_AV*AVS_NOT_CONSISTENT
OPENJPA-2555,-,-,-,-,-,-,-,-,-,-,-,-,-,-,-,-,-,-,-,IA,A,OA,A,A,A,A,F,-,-,-,AVS_NOT_CONSISTENT
OPENJPA-2557,IA,A,A,A,A,A,A,A,A,A,A,A,A,A,A,A,A,A,A,A,OA,F,-,-,-,-,-,-,-,-,FV_AS_AV*AVS_NOT_CONSISTENT
OPENJPA-2567,-,-,-,-,-,-,-,-,-,-,-,-,-,-,-,-,-,-,-,-,IA,OA,A,A,A,A,F,-,-,-,AVS_NOT_CONSISTENT
OPENJPA-2571,IA,A,A,A,A,A,A,A,A,A,A,A,A,A,A,A,A,A,A,A,A,OA,F,-,-,-,-,-,-,-,AVS_NOT_CONSISTENT
OPENJPA-2576,-,-,-,-,-,-,-,-,-,-,-,-,-,-,-,-,-,-,-,-,IOA,F,-,-,-,-,-,-,-,-,OK
OPENJPA-2582,-,-,-,-,-,-,-,-,-,-,-,-,-,-,-,-,-,-,-,-,-,IOA,F,-,-,-,-,-,-,-,OK
OPENJPA-2586,IA,A,A,A,A,A,A,A,A,A,A,A,A,A,A,A,A,A,A,A,A,OA,F,-,-,-,-,-,-,-,FV_AS_AV*AVS_NOT_CONSISTENT
OPENJPA-2596,-,-,-,-,-,-,-,-,-,-,-,-,-,-,-,-,-,-,-,-,-,IOA,F,-,-,-,-,-,-,-,OK
OPENJPA-2597,-,-,-,-,-,-,-,-,-,-,-,-,-,-,-,-,-,-,IA,A,A,OA,F,-,-,-,-,-,-,-,NOT_REPORTED
OPENJPA-2600,-,-,-,-,-,-,-,-,-,-,-,-,-,-,-,-,-,-,-,-,-,IOA,F,-,-,-,-,-,-,-,OK
OPENJPA-2601,-,-,-,-,-,-,-,-,-,-,-,-,-,-,-,-,-,-,-,-,IA,OA,F,-,-,-,-,-,-,-,OK
OPENJPA-2603,IA,A,A,A,A,A,A,A,A,A,A,A,A,A,A,A,A,A,A,A,A,OA,F,-,-,-,-,-,-,-,FV_AS_AV*AVS_NOT_CONSISTENT
OPENJPA-2605,-,-,-,-,-,-,-,-,-,-,-,-,-,-,-,-,-,-,-,IA,A,OA,F,-,-,-,-,-,-,-,AVS_NOT_CONSISTENT
OPENJPA-2609,IA,A,A,A,A,A,A,A,A,A,A,A,A,A,A,A,A,A,A,A,A,OA,F,-,-,-,-,-,-,-,AVS_NOT_CONSISTENT
OPENJPA-2616,-,-,IA,A,A,A,A,A,A,A,A,A,A,A,A,A,A,A,A,A,A,OA,F,-,-,-,-,-,-,-,AVS_NOT_CONSISTENT
OPENJPA-2617,-,-,-,-,-,-,-,-,-,-,-,-,-,-,-,-,-,-,-,-,-,IOA,F,-,-,-,-,-,-,-,OK
OPENJPA-2626,-,-,-,-,-,-,-,-,-,-,-,-,-,-,-,-,-,-,-,-,-,IOA,F,-,-,-,-,-,-,-,OK
OPENJPA-2631,IA,A,A,A,A,A,A,A,A,A,A,A,A,A,A,A,A,A,A,A,A,A,OA,F,-,-,-,-,-,-,AVS_NOT_CONSISTENT
OPENJPA-2632,-,-,-,-,-,-,-,-,-,-,-,-,-,-,-,-,-,-,-,-,-,-,IOA,F,-,-,-,-,-,-,OK
OPENJPA-2636,IA,A,A,A,A,A,A,A,A,A,A,A,A,A,A,A,A,A,A,A,A,A,OA,F,-,-,-,-,-,-,FV_AS_AV*AVS_NOT_CONSISTENT
OPENJPA-2640,-,-,-,-,-,-,-,-,-,-,-,-,-,-,-,-,-,-,-,-,-,-,IOA,F,-,-,-,-,-,-,OK
OPENJPA-2645,IA,A,A,A,A,A,A,A,A,A,A,A,A,A,A,A,A,A,A,A,A,A,A,OA,A,A,F,-,-,-,AVS_NOT_CONSISTENT
OPENJPA-2646,IA,A,A,A,A,A,A,A,A,A,A,A,A,A,A,A,A,A,A,A,A,A,A,OA,F,-,-,-,-,-,AVS_NOT_CONSISTENT
OPENJPA-2648,-,-,-,-,-,-,-,-,-,-,-,-,-,-,-,-,-,-,-,-,-,-,IA,OA,A,A,A,A,A,F,AVS_NOT_CONSISTENT
OPENJPA-2650,IA,A,A,A,A,A,A,A,A,A,A,A,A,A,A,A,A,A,A,A,A,A,OA,F,-,-,-,-,-,-,FV_AS_AV*AVS_NOT_CONSISTENT
OPENJPA-2651,-,-,-,-,-,-,-,-,-,-,-,-,-,-,-,-,-,-,-,IA,A,A,OA,F,-,-,-,-,-,-,AVS_NOT_CONSISTENT
OPENJPA-2658,-,-,-,-,-,-,-,-,-,-,-,-,-,-,-,-,-,-,-,-,-,-,IOA,F,-,-,-,-,-,-,OK
OPENJPA-2672,IA,A,A,A,A,A,A,A,A,A,A,A,A,A,A,A,A,A,A,A,A,A,OA,F,-,-,-,-,-,-,AVS_NOT_CONSISTENT
OPENJPA-2674,-,-,-,-,-,-,-,-,-,-,-,-,-,-,-,-,-,-,-,-,-,-,IOA,F,-,-,-,-,-,-,OK
OPENJPA-2675,-,-,-,-,-,-,-,-,-,-,-,-,-,-,-,-,-,-,-,-,-,-,IOA,F,-,-,-,-,-,-,OK
OPENJPA-2684,-,-,-,-,-,-,-,-,-,-,-,-,-,-,-,-,-,-,-,-,IA,A,OA,F,-,-,-,-,-,-,AVS_NOT_CONSISTENT
OPENJPA-2689,-,-,-,-,-,-,-,-,-,-,-,-,-,-,-,-,-,-,-,-,-,-,IA,OA,F,-,-,-,-,-,FV_AS_AV
OPENJPA-2690,-,-,-,-,-,-,-,-,-,-,-,-,-,-,-,-,-,-,-,-,-,-,-,IOA,F,-,-,-,-,-,OK
OPENJPA-2691,-,-,-,-,-,-,-,-,-,-,-,-,-,-,-,-,-,-,-,-,-,-,-,IOA,F,-,-,-,-,-,OK
OPENJPA-2698,-,-,-,-,-,-,-,-,-,-,-,-,-,-,-,-,-,-,-,IA,A,A,A,OA,F,-,-,-,-,-,AVS_NOT_CONSISTENT
OPENJPA-2704,-,-,-,-,-,-,-,-,-,-,-,-,-,-,-,-,-,-,-,IA,A,A,A,A,OA,A,F,-,-,-,AVS_NOT_CONSISTENT
OPENJPA-2705,-,-,-,-,-,-,-,-,-,-,-,-,-,-,-,IA,A,A,A,A,A,A,A,OA,F,-,-,-,-,-,AVS_NOT_CONSISTENT
OPENJPA-2707,-,-,-,-,-,-,-,-,-,-,-,-,-,-,-,-,-,-,-,-,-,-,IA,OA,F,-,-,-,-,-,IV_AFTER_OV*FV_AS_AV
OPENJPA-2725,IA,A,A,A,A,A,A,A,A,A,A,A,A,A,A,A,A,A,A,A,A,A,A,OA,F,-,-,-,-,-,AVS_NOT_CONSISTENT
OPENJPA-2731,-,-,-,-,-,-,-,-,-,-,-,-,-,-,-,-,-,-,-,IA,A,A,A,A,OA,A,A,A,A,F,AVS_NOT_CONSISTENT
OPENJPA-2733,-,-,-,-,-,-,-,-,-,-,-,-,-,-,-,-,-,-,-,-,-,-,-,IA,OA,A,F,-,-,-,AVS_NOT_CONSISTENT
OPENJPA-2743,-,-,-,-,-,-,-,-,-,-,-,-,-,-,-,-,-,-,-,-,-,-,-,IA,A,A,OA,F,-,-,AVS_NOT_CONSISTENT
OPENJPA-2746,-,-,-,-,-,-,-,-,-,-,-,-,-,-,-,-,-,-,-,-,-,-,-,-,-,IOA,F,-,-,-,NOT_REPORTED
OPENJPA-2756,-,-,-,-,-,-,-,-,-,-,-,-,-,-,-,-,-,-,-,-,-,-,-,-,-,IOA,F,-,-,-,OK
OPENJPA-2757,-,-,-,-,-,-,-,-,-,-,-,-,-,-,-,-,-,-,-,-,-,-,-,-,-,IOA,F,-,-,-,OK
OPENJPA-2761,-,-,-,-,-,-,-,-,-,-,-,-,-,-,-,-,-,IA,A,A,A,A,A,A,A,OA,F,-,-,-,AVS_NOT_CONSISTENT
OPENJPA-2764,-,-,-,-,-,-,-,-,-,-,-,-,-,-,-,-,-,-,-,-,-,-,-,-,-,IOA,F,-,-,-,OK
OPENJPA-2768,-,-,-,-,-,-,-,-,-,-,-,-,-,-,-,-,-,-,-,-,-,-,-,-,-,IOA,F,-,-,-,OK
OPENJPA-2770,-,-,-,-,-,-,-,-,-,-,-,-,-,-,-,-,-,-,-,-,-,-,-,IA,A,OA,F,-,-,-,OK
OPENJPA-2771,-,-,-,-,-,-,-,-,-,-,-,-,-,-,-,-,-,-,-,-,-,-,-,-,-,IOA,F,-,-,-,OK
OPENJPA-2772,-,-,-,-,-,-,-,-,-,-,-,-,-,-,-,-,-,-,-,-,-,-,-,-,-,IOA,F,-,-,-,OK
OPENJPA-2777,-,-,-,-,-,-,-,-,-,-,-,-,-,-,-,-,-,-,-,-,-,-,-,-,-,IOA,F,-,-,-,OK
OPENJPA-2780,-,-,-,-,-,-,-,-,-,-,-,-,-,-,-,-,-,-,-,-,-,-,-,IA,A,OA,F,-,-,-,OK
OPENJPA-2781,-,-,-,-,-,-,-,-,-,-,-,-,-,-,-,-,-,-,-,-,-,-,-,-,-,IOA,F,-,-,-,NOT_REPORTED
OPENJPA-2785,-,-,-,-,-,-,-,-,-,-,-,-,-,-,-,-,-,-,-,-,-,-,-,-,-,IOA,F,-,-,-,IV_AFTER_OV*FV_AS_AV
OPENJPA-2788,-,-,-,-,-,-,-,-,-,-,-,-,-,-,-,-,-,-,-,-,-,-,-,-,-,-,IA,OA,A,F,AVS_NOT_CONSISTENT
OPENJPA-2789,-,-,-,-,-,-,-,-,-,-,-,-,-,-,-,-,-,-,-,-,-,-,-,-,IA,A,A,OA,A,F,AVS_NOT_CONSISTENT
OPENJPA-2795,-,-,-,-,-,-,-,-,-,-,-,-,-,-,-,-,-,-,-,-,-,-,-,-,IA,A,A,OA,A,F,AVS_NOT_CONSISTENT
OPENJPA-2799,-,-,-,-,-,-,-,-,-,-,-,-,-,-,-,-,-,-,-,-,-,-,-,-,-,-,IOA,F,-,-,OK
OPENJPA-2807,-,-,-,-,-,-,-,-,-,-,-,-,-,-,-,-,-,-,-,-,-,-,-,-,-,-,-,IOA,F,-,OK
OPENJPA-2810,-,-,-,-,-,-,-,-,-,-,-,-,-,-,-,-,-,-,-,-,-,-,-,-,-,-,-,IOA,F,-,OK
OPENJPA-2821,-,-,-,-,-,-,-,-,-,-,-,-,-,-,-,-,-,-,-,-,-,-,-,-,-,-,-,-,IOA,F,OK
OPENJPA-2828,-,-,-,-,-,-,-,-,-,-,-,-,-,-,-,-,-,-,-,-,-,-,-,-,-,-,-,-,IOA,F,OK
OPENJPA-2829,-,-,-,-,-,-,-,-,-,-,-,-,-,-,-,-,-,-,-,-,-,-,-,-,-,-,-,-,IOA,F,NOT_REPORTED
OPENJPA-2830,-,-,-,-,-,-,-,-,-,-,-,-,-,-,-,-,-,-,-,-,-,-,-,-,-,-,-,-,IOA,F,NOT_REPORTED
OPENJPA-2832,-,-,-,-,-,-,-,-,-,-,-,-,-,-,-,-,-,-,-,-,-,-,-,-,-,-,-,-,IOA,F,NOT_REPORTED
OPENJPA-2834,-,-,-,-,-,-,-,-,-,-,-,-,-,-,-,-,-,-,-,-,-,-,-,-,-,-,-,IA,OA,F,AVS_NOT_CONSISTENT
OPENJPA-2842,-,-,-,-,-,-,-,-,-,-,-,-,-,-,-,-,-,-,-,-,-,-,-,-,-,-,-,-,IOA,F,OK
OPENJPA-2843,-,-,-,-,-,-,-,-,-,-,-,-,-,-,-,-,-,-,-,-,-,-,-,-,-,-,-,-,IOA,F,OK
OPENJPA-2848,-,-,-,-,-,-,-,-,-,-,-,-,-,-,-,-,-,-,-,-,-,-,-,-,-,-,-,-,IOA,F,OK
OPENJPA-2849,-,-,-,-,-,-,-,-,-,-,-,-,-,-,-,-,-,-,-,-,-,-,-,-,-,-,-,-,IOA,F,OK
OPENJPA-2850,-,-,-,-,-,-,-,-,-,-,-,-,-,-,-,-,-,-,-,-,-,-,-,-,-,-,-,-,IOA,F,OK
OPENJPA-2851,-,-,-,-,-,-,-,-,-,-,-,-,-,-,-,-,-,-,-,-,-,-,-,-,-,-,-,-,IOA,F,OK
OPENJPA-2854,-,-,-,-,-,-,-,-,-,-,-,-,-,-,-,-,-,-,-,-,-,-,-,-,-,-,-,-,IOA,F,OK
OPENJPA-2855,-,-,-,-,-,-,-,-,-,-,-,-,-,-,-,-,-,-,-,-,-,-,-,-,-,-,-,-,IOA,F,IV_AFTER_OV*FV_AS_AV
OPENJPA-2856,-,-,-,-,-,-,-,-,-,-,-,-,-,-,-,-,-,-,-,-,-,-,-,-,-,-,-,-,IOA,F,OK
OPENJPA-2857,-,-,-,-,-,-,-,-,-,-,-,-,-,-,-,-,-,-,-,-,-,-,-,-,-,-,-,-,IOA,F,OK
OPENJPA-2858,-,-,-,-,-,-,-,-,-,-,-,-,-,-,-,-,-,-,-,-,-,-,-,-,-,-,-,-,IOA,F,OK
OPENJPA-2859,-,-,-,-,-,-,-,-,-,-,-,-,-,-,-,-,-,-,-,-,-,-,-,-,-,-,-,-,IOA,F,OK
OPENJPA-2860,-,-,-,-,-,-,-,-,-,-,-,-,-,-,-,-,-,-,-,-,-,-,-,-,-,-,-,-,IOA,F,OK
OPENJPA-2861,-,-,-,-,-,-,-,-,-,-,-,-,-,-,-,-,-,-,-,-,-,-,-,-,-,-,-,-,IOA,F,OK
OPENJPA-2862,-,-,-,-,-,-,-,-,-,-,-,-,-,-,-,-,-,-,-,-,-,-,-,-,-,-,-,-,IOA,F,OK
OPENJPA-2863,-,-,-,-,-,-,-,-,-,-,-,-,-,-,-,-,-,-,-,-,-,-,-,-,-,-,-,-,IOA,F,OK
OPENJPA-2864,-,-,-,-,-,-,-,-,-,-,-,-,-,-,-,-,-,-,-,-,-,-,-,-,-,-,-,-,IOA,F,OK
OPENJPA-2865,-,-,-,-,-,-,-,-,-,-,-,-,-,-,-,-,-,-,-,-,-,-,-,-,-,-,-,-,IOA,F,OK
OPENJPA-2866,-,-,-,-,-,-,-,-,-,-,-,-,-,-,-,-,-,-,-,-,-,-,-,-,-,-,-,-,IOA,F,OK
OPENJPA-2871,IA,A,A,A,A,A,A,A,A,A,A,A,A,A,A,A,A,A,A,A,A,A,A,A,A,A,A,A,OA,F,IV_AFTER_OV*FV_AS_AV
